{
  "mean_x_error": 0.06501294858185294,
  "std_x_error": 0.05460903836253553,
  "max_x_error": 0.13847841796875,
  "mean_y_error": 0.055777401925902505,
  "std_y_error": 0.029484994966194437,
  "max_y_error": 0.10262144425974296,
  "mean_distance_error": 0.09364578948966296,
  "std_distance_error": 0.013039676537140228,
  "max_distance_error": 0.13870177767528255,
  "mean_theta_error": 0.4484673296517535,
  "std_theta_error": 0.6895976754076656,
  "max_theta_error": 2.4661964959755327,
  "total_trajectory_time": 32.712395429611206,
  "num_data_points": 300
}