{"Node": [0], "Radius": [1.0170235453387007], "Length": [0.2943915521253054], "ArcVelocity": [0.026483576253342075], "Velocity": [0.14375022727499265], "Angular Velocity": [0.07527515920342541], "ArcAngular Velocity": [0.00571521975641596], "Theta": [-0.3682129676840703]}