{"Node": [6, 7], "Radius": [-908.6661451486024, 0.8434282316957379], "Length": [0.30171945644698195, 0.5567566343281297], "ArcVelocity": [7.678094673504635e-05, 0.17024746142246033], "Velocity": [0.1555088442665568, 0.15550884547541818], "Angular Velocity": [0.08293805202092465, 0.08293805481211948], "ArcAngular Velocity": [9.12674647523005e-05, 2.7915553120165294e-70], "Theta": [-1.5703919402687916, -1.3403634255713945]}