{
  "timestamp": 1753450317.1085541,
  "date_time": "2025-07-25 13:31:57",
  "tracking_duration_seconds": 5.0,
  "rectangles": {
    "rect_0": {
      "center": [
        667.7407407407408,
        175.03703703703704
      ],
      "width": 394.5925925925926,
      "height": 351.22222222222223,
      "area": 134311.85185185185,
      "corners": [
        [
          467.0740740740741,
          2.962962962962963
        ],
        [
          862.0,
          -3.4814814814814814
        ],
        [
          868.3703703703703,
          347.2962962962963
        ],
        [
          473.44444444444446,
          354.2962962962963
        ]
      ],
      "sample_count": 27
    },
    "rect_1": {
      "center": [
        149.85185185185185,
        335.5925925925926
      ],
      "width": 278.14814814814815,
      "height": 272.51851851851853,
      "area": 71933.29629629629,
      "corners": [
        [
          9.88888888888889,
          199.96296296296296
        ],
        [
          283.6296296296296,
          193.77777777777777
        ],
        [
          289.8888888888889,
          471.4074074074074
        ],
        [
          16.037037037037038,
          477.48148148148147
        ]
      ],
      "sample_count": 27
    }
  }
}