{
  "timestamp": 1753688763.149274,
  "date_time": "2025-07-28 07:46:03",
  "tracking_duration_seconds": 5.0,
  "coordinate_system": {
    "note": "All coordinates are relative to the cropped image from camera_node",
    "original_camera_resolution": "1280x720",
    "crop_applied": "img[65:665, 50:1150]",
    "cropped_dimensions": "1100x600",
    "crop_offset": {
      "x": 50,
      "y": 65
    }
  },
  "rectangles": {
    "rect_0": {
      "center": [
        697.5333333333333,
        177.3
      ],
      "width": 406.2,
      "height": 355.5,
      "area": 144405.43333333332,
      "corners": [
        [
          494.4333333333333,
          -0.44999999999998863
        ],
        [
          900.6333333333332,
          -0.44999999999998863
        ],
        [
          900.6333333333332,
          355.05
        ],
        [
          494.4333333333333,
          355.05
        ]
      ],
      "bounding_box": [
        494.73333333333335,
        0.0,
        406.2,
        355.5
      ],
      "sample_count": 30,
      "type": "axis_aligned_rectangle"
    },
    "rect_1": {
      "center": [
        132.93333333333334,
        326.0
      ],
      "width": 266.5,
      "height": 283.6333333333333,
      "area": 75588.36666666667,
      "corners": [
        [
          -0.3166666666666629,
          184.18333333333334
        ],
        [
          266.18333333333334,
          184.18333333333334
        ],
        [
          266.18333333333334,
          467.81666666666666
        ],
        [
          -0.3166666666666629,
          467.81666666666666
        ]
      ],
      "bounding_box": [
        0.0,
        184.43333333333334,
        266.5,
        283.6333333333333
      ],
      "sample_count": 30,
      "type": "axis_aligned_rectangle"
    }
  }
}