{
  "waypoints": [
    25,
    0,
    2,
    5,
    7,
    12,
    18,
    20,
    22,
    26
  ],
  "phi": [
    1.2566370614359172,
    1.3006048771407346,
    0.3816302390428253,
    -1.0388386179954723,
    0.35250223521549995,
    0.9189001401432264,
    0.6193511929381627,
    1.6784076491721667,
    -0.0025473464718430406,
    -2.0046860655876095
  ],
  "r0": [
    -22.870309252767452,
    -1.8707822026964491,
    0.2999999971078542,
    -0.29999999705949,
    0.29999999705204927,
    -1.5023132550496172,
    -0.29999999722831716,
    0.2999999969516892,
    1.0256661282483648
  ],
  "l": [
    0.049999999503238614,
    0.07862363381511273,
    0.833723380457424,
    0.37476641317727766,
    0.5826744371736422,
    0.050000015078654744,
    0.4170880213500353,
    0.6808584628079624,
    0.04999999986830048
  ],
  "phi_new": [
    1.2566370614359172,
    -0.270191449654162,
    0.3816302390428253,
    -1.0388386179954723,
    1.9232985620103964,
    -0.6518961866516702,
    0.6193511929381627,
    0.10761132237727011,
    -0.0025473464718430406,
    0.0
  ],
  "time_segments": [
    {
      "arc": [
        1.409164927841641,
        1.4082845743161991,
        1.4074243805929316,
        1.406583795813866,
        1.4057629605599193,
        1.4049616562948481,
        1.4041798166414452,
        1.4034173983375888,
        1.4026743257725014,
        1.4019505025468493,
        1.4012458269471844,
        1.4005601997930646,
        1.3998935268821915,
        1.3992457190650291,
        1.3986166916379585,
        1.3980063637260685,
        1.397414657833239,
        1.3968414995554297,
        1.396286817408512,
        1.395750542725062,
        1.3952326095884529,
        1.3947329547851561,
        1.3942515177647312,
        1.3937882406025188,
        1.3933430679627097,
        1.3929159470612666,
        1.3925068276286654,
        1.392115661872924,
        1.3917424044432574,
        1.391387012394835,
        1.3910494451549085,
        1.3907296644905878,
        1.3904276344783844,
        1.3901433214756056,
        1.3898766940935638,
        1.389627723172375,
        1.3893963817572654,
        1.3891826450759097,
        1.388986490516501,
        1.3888078976060036,
        1.3886468479881684,
        1.38850332540085,
        1.3883773156523622,
        1.3882688065967936,
        1.3881777881085533,
        1.3881042520568343,
        1.3880481922810435,
        1.388009604568677,
        1.3879884866372314,
        1.387984838121736
      ],
      "line": [
        1.7254137039454351,
        1.7254738648519017
      ]
    },
    {
      "arc": [
        1.4260847264114378,
        0.5907034349315027,
        0.45326353204558834,
        0.41228930768997457,
        0.40674351953939814,
        0.4067434703371553,
        0.40674347033679836,
        0.40674347033679836,
        0.40674347033679836,
        0.40674347033679836,
        0.40674347033679836,
        0.40674347033679836,
        0.40674347033679836,
        0.40674347033679836,
        0.40674347033679836,
        0.40674347033679836,
        0.40674347033679836,
        0.40674347033679836,
        0.40674347033679836,
        0.40674347033679836,
        0.40674347033679836,
        0.40674347033679836,
        0.40674347033679836,
        0.40674347033679836,
        0.40674347033679836,
        0.40674347033679836,
        0.40674347033679836,
        0.40674347033679836,
        0.40674347033679836,
        0.40674347033679836,
        0.40674347033679836,
        0.40674347033679836,
        0.40674347033679836,
        0.40674347033679836,
        0.40674347033679836,
        0.40674347033679836,
        0.40674347033679836,
        0.40674347033679836,
        0.40674347033679836,
        0.40674347033679836,
        0.40674347033679836,
        0.40674347033679836,
        0.40674347033679836,
        0.40674347033679836,
        0.40674347033679836,
        0.40674347033679836,
        0.40674347033679836,
        0.40674347033679836,
        0.40674347033679836,
        0.40674347033679836,
        0.40674347033679836,
        0.40674347033679836,
        0.40674347033679836,
        0.40674347033679836,
        0.40674347033679836,
        0.40674347033679836,
        0.40674347033679836,
        0.40674347033679836,
        0.40674347033636227,
        0.40674341021663774
      ],
      "line": [
        0.50558971411067,
        0.5055896823523783,
        0.5253844182282854
      ]
    },
    {
      "arc": [
        0.4828145888718594,
        0.4828146870994866,
        0.4828146870997405,
        0.4828146870997405,
        0.4828146870997405,
        0.4828146870997405,
        0.4828146870997405,
        0.4828146870997405,
        0.4828146870997405,
        0.4828146870997405,
        0.4828146870997405,
        0.4828146870997405,
        0.4828146870997405,
        0.4828146870997405,
        0.4828146870997405,
        0.4828146870997405,
        0.4828146870997405,
        0.4828146870997405,
        0.4828146870997405,
        0.4828146870994704,
        0.48281458263284804
      ],
      "line": [
        0.4142368248297051,
        0.39228971445955135,
        0.3922874755241573,
        0.39228747550395354,
        0.3922874755039533,
        0.3922874755039533,
        0.3922874755039533,
        0.3922874755039533,
        0.3922874755039533,
        0.3922874755039533,
        0.3922874755039533,
        0.3922874755039533,
        0.3922874755039533,
        0.3922874755039533,
        0.3922874755039533,
        0.3922874755039533,
        0.3922874755039533,
        0.3922874755039533,
        0.3922874755039533,
        0.3922874755039533,
        0.3922874755039533,
        0.3922874755039533,
        0.3922874755039533,
        0.3922874755039533,
        0.3922874755039533,
        0.3922874755039533,
        0.3922874755039533,
        0.3922874755039533,
        0.3922874755039533,
        0.3922874755039533,
        0.3922874755039533,
        0.3922874755039533,
        0.3922874755039533,
        0.3922874755039533,
        0.3922874755039533,
        0.3922874755039533,
        0.3922874755039533,
        0.3922874755039535,
        0.39228747551820287,
        0.39228905464849917,
        0.413450340518405
      ]
    },
    {
      "arc": [
        0.49655973229466305,
        0.496559834471019,
        0.49655983447125507,
        0.49655983447125507,
        0.49655983447125507,
        0.49655983447125507,
        0.49655983447125507,
        0.49655983447125507,
        0.49655983447125507,
        0.49655983447125507,
        0.49655983447125507,
        0.49655983447125507,
        0.49655983447125507,
        0.49655983447125507,
        0.49655983447125507,
        0.49655983447125507,
        0.49655983447125507,
        0.49655983447125507,
        0.49655983447102064,
        0.49655973300041656
      ],
      "line": [
        0.42294997086573577,
        0.4016570668223316,
        0.40165619581292844,
        0.40165619580577705,
        0.40165619580577705,
        0.40165619580577705,
        0.40165619580577705,
        0.40165619580577705,
        0.40165619580577705,
        0.4016561958058715,
        0.4016562073157746,
        0.40298775403465026,
        0.4318961051351116,
        0.5287575127438936,
        0.6765429781977199,
        0.8656339932192502,
        1.1075752390956934,
        1.4171381369014393
      ]
    },
    {
      "arc": [
        1.665359212290693,
        1.6651547454454614,
        1.6649610580068486,
        1.6647781343956685,
        1.6646059599111507,
        1.6644445207276022,
        1.6642938038912451,
        1.6641537973172733,
        1.6640244897871055,
        1.6639058709458332,
        1.6637979312998794,
        1.6637006622148358,
        1.6636140559135117,
        1.663538105474178,
        1.6634728048289964
      ],