{
  "robot_id": 4,
  "waypoints": [
    20,
    22,
    26
  ],
  "phi": [
    1.6784076491721667,
    -0.0025473464718430406,
    -2.0046860655876095
  ],
  "r0": [
    0.2999999969516892,
    1.0256661282483648
  ],
  "l": [
    0.6808584628079624,
    0.04999999986830048
  ],
  "phi_new": [
    0.10761132237727011,
    -0.0025473464718430406
  ],
  "time_segments": [
    {
      "arc": [
        1.9828226756434513
      ],
      "line": [
        0.9369016472759781,
        0.8625390409207161,
        0.8072246682243883,
        0.7639301616993291,
        0.7288195965580954,
        0.6995906764964251,
        0.674763656440364,
        0.6533368202375063,
        0.6346038392646235,
        0.6180499987400003,
        0.6032898872408494,
        0.5900282552769623,
        0.5780344850795993,
        0.5671253988846803,
        0.5571533608943571,
        0.5479978447188466,
        0.5395593309777691,
        0.5317548089664103,
        0.5245144058124231,
        0.5177788230314874,
        0.5114973610153862,
        0.5056263781606172,
        0.5001280757541312,
        0.49496953008612965,
        0.4901219143559411,
        0.4855598678249566,
        0.4812609803258485,
        0.4772053679625133,
        0.4733753215034715,
        0.4697550131769337,
        0.4663302507282697,
        0.4630882699866955,
        0.46001755901029495,
        0.45710770828200414
      ]
    },
    {
      "arc": [
        0.4567704170538893,
        0.45411346476460196,
        0.4515945277916266,
        0.44920625709505985,
        0.4469419423033396,
        0.4447954462220495,
        0.44276114757981627,
        0.4408338908191161,
        0.43900894193464535,
        0.43728194952128574,
        0.43564891032464653,
        0.4341061386952548,
        0.4326502394370725,
        0.4312780836156493,
        0.42998678695368625,
        0.42877369049440633,
        0.4276363432578291,
        0.42657248665350883,
        0.42558004044703873,
        0.42465709010812347,
        0.42380187539678993,
        0.4230127800729938,
        0.42228832264529614,
        0.421627148108365,
        0.42102802065858363,
        0.42048981742298247,
        0.4200115232879093,
        0.4195922269648645,
        0.4192311184691516,
        0.4189274881901165,
        0.4186807276685915,
        0.4184903320365673,
        0.4183559038063031,
        0.4182771573626302,
        0.4182539232245475,
        0.4182861510559759,
        0.41837391063618373,
        0.41851739052413856,
        0.4187168947811496,
        0.4189728386013687,
        0.41928574387603335,
        0.4196562355882212,
        0.42008503962965665,
        0.4205729823025658,
        0.4211209915180341,
        0.421730099559101,
        0.4224014472267137,
        0.4231362891974176,
        0.4239360004631981,
        0.42480208377555956,
        0.425736178066499,
        0.4267400678639284,
        0.42781569375764344,
        0.42896516400529383,
        0.4301907673978173,
        0.4314949875323795,
        0.43288051866980454,
        0.43435028338440546,
        0.43590745224853106,
        0.4375554658335142,
        0.43929805935457256,
        0.44113929034128824,
        0.4430835697795661,
        0.4451356972478189,
        0.44730090066247347,
        0.44958488135936386,
        0.4519938653727267,
        0.45453466193811004,
        0.45721473044689614,
        0.4600422573277564,
        0.46302624463637504,
        0.4661766125150352,
        0.469504318158876,
        0.4730214945231334,
        0.47674161276177024,
        0.4806796733512019,
        0.484852432089009,
        0.489278668756106,
        0.49397950831496895,
        0.4989788072574627,
        0.504303621354189,
        0.5099847759353063,
        0.5160575664430989,
        0.5225626260581208,
        0.5295470097777902,
        0.5370655620193586,
        0.5451826600761162,
        0.5539744623902751,
        0.5635318446809083,
        0.5739642883341374,
        0.585405110535853,
        0.5980186224848051,
        0.6120101201881379,
        0.6276401421643593,
        0.6452453411648369,
        0.6652699521513089,
        0.6883149036101501,
        0.7152176785875617,
        0.7471888006256818,
        0.7860599094820417,
        0.8347714786220815,
        0.8984368328861474
      ],
      "line": [
        1.2640354857909666,
        1.55290004183722
      ]
    }
  ],
  "Flagb": [
    -1,
    0,
    0
  ],
  "waypoint_positions": [
    [
      587.9166110852312,
      270.2223072008189
    ],
    [
      659.300769217109,
      270.2223072008189
    ],
    [
      750.0,
      120.0
    ]
  ],
  "total_time": 73.20161594183591,
  "metadata": {
    "robot_id": 4,
    "total_waypoints": 3,
    "total_segments": 2,
    "start_waypoint_idx": 7,
    "end_waypoint_idx": 9,
    "save_timestamp": "2025-07-16T05:57:19",
    "case": "maze_5",
    "N": 5
  }
}