{
  "robot_id": 1,
  "waypoints": [
    0,
    2,
    5,
    7
  ],
  "phi": [
    1.3006048771407346,
    0.3816302390428253,
    -1.0388386179954723,
    0.35250223521549995
  ],
  "r0": [
    -1.8707822026964491,
    0.2999999971078542,
    -0.29999999705949
  ],
  "l": [
    0.07862363381511273,
    0.833723380457424,
    0.37476641317727766
  ],
  "phi_new": [
    -0.270191449654162,
    0.3816302390428253,
    -1.0388386179954723
  ],
  "time_segments": [
    {
      "arc": [
        1.4260847264114378,
        0.5907034349315027,
        0.45326353204558834,
        0.41228930768997457,
        0.40674351953939814,
        0.4067434703371553,
        0.40674347033679836,
        0.40674347033679836,
        0.40674347033679836,
        0.40674347033679836,
        0.40674347033679836,
        0.40674347033679836,
        0.40674347033679836,
        0.40674347033679836,
        0.40674347033679836,
        0.40674347033679836,
        0.40674347033679836,
        0.40674347033679836,
        0.40674347033679836,
        0.40674347033679836,
        0.40674347033679836,
        0.40674347033679836,
        0.40674347033679836,
        0.40674347033679836,
        0.40674347033679836,
        0.40674347033679836,
        0.40674347033679836,
        0.40674347033679836,
        0.40674347033679836,
        0.40674347033679836,
        0.40674347033679836,
        0.40674347033679836,
        0.40674347033679836,
        0.40674347033679836,
        0.40674347033679836,
        0.40674347033679836,
        0.40674347033679836,
        0.40674347033679836,
        0.40674347033679836,
        0.40674347033679836,
        0.40674347033679836,
        0.40674347033679836,
        0.40674347033679836,
        0.40674347033679836,
        0.40674347033679836,
        0.40674347033679836,
        0.40674347033679836,
        0.40674347033679836,
        0.40674347033679836,
        0.40674347033679836,
        0.40674347033679836,
        0.40674347033679836,
        0.40674347033679836,
        0.40674347033679836,
        0.40674347033679836,
        0.40674347033679836,
        0.40674347033679836,
        0.40674347033679836,
        0.40674347033636227,
        0.40674341021663774
      ],
      "line": [
        0.50558971411067,
        0.5055896823523783,
        0.5253844182282854
      ]
    },
    {
      "arc": [
        0.4828145888718594,
        0.4828146870994866,
        0.4828146870997405,
        0.4828146870997405,
        0.4828146870997405,
        0.4828146870997405,
        0.4828146870997405,
        0.4828146870997405,
        0.4828146870997405,
        0.4828146870997405,
        0.4828146870997405,
        0.4828146870997405,
        0.4828146870997405,
        0.4828146870997405,
        0.4828146870997405,
        0.4828146870997405,
        0.4828146870997405,
        0.4828146870997405,
        0.4828146870997405,
        0.4828146870994704,
        0.48281458263284804
      ],
      "line": [
        0.4142368248297051,
        0.39228971445955135,
        0.3922874755241573,
        0.39228747550395354,
        0.3922874755039533,
        0.3922874755039533,
        0.3922874755039533,
        0.3922874755039533,
        0.3922874755039533,
        0.3922874755039533,
        0.3922874755039533,
        0.3922874755039533,
        0.3922874755039533,
        0.3922874755039533,
        0.3922874755039533,
        0.3922874755039533,
        0.3922874755039533,
        0.3922874755039533,
        0.3922874755039533,
        0.3922874755039533,
        0.3922874755039533,
        0.3922874755039533,
        0.3922874755039533,
        0.3922874755039533,
        0.3922874755039533,
        0.3922874755039533,
        0.3922874755039533,
        0.3922874755039533,
        0.3922874755039533,
        0.3922874755039533,
        0.3922874755039533,
        0.3922874755039533,
        0.3922874755039533,
        0.3922874755039533,
        0.3922874755039533,
        0.3922874755039533,
        0.3922874755039533,
        0.3922874755039535,
        0.39228747551820287,
        0.39228905464849917,
        0.413450340518405
      ]
    },
    {
      "arc": [
        0.49655973229466305,
        0.496559834471019,
        0.49655983447125507,
        0.49655983447125507,
        0.49655983447125507,
        0.49655983447125507,
        0.49655983447125507,
        0.49655983447125507,
        0.49655983447125507,
        0.49655983447125507,
        0.49655983447125507,
        0.49655983447125507,
        0.49655983447125507,
        0.49655983447125507,
        0.49655983447125507,
        0.49655983447125507,
        0.49655983447125507,
        0.49655983447125507,
        0.49655983447102064,
        0.49655973300041656
      ],
      "line": [
        0.42294997086573577,
        0.4016570668223316,
        0.40165619581292844,
        0.40165619580577705,
        0.40165619580577705,
        0.40165619580577705,
        0.40165619580577705,
        0.40165619580577705,
        0.40165619580577705,
        0.4016561958058715,
        0.4016562073157746,
        0.40298775403465026,
        0.4318961051351116,
        0.5287575127438936,
        0.6765429781977199,
        0.8656339932192502,
        1.1075752390956934,
        1.4171381369014393
      ]
    }
  ],
  "Flagb": [
    -1,
    0,
    0,
    1
  ],
  "waypoint_positions": [
    [
      80.29593103632257,
      201.10499999999982
    ],
    [
      207.2011010485497,
      210.70462600011388
    ],
    [
      286.5168323061917,
      126.22791719911305
    ],
    [
      357.90099043806947,
      126.22791719911305
    ]
  ],
  "total_time": 73.26379091481132,
  "metadata": {
    "robot_id": 1,
    "total_waypoints": 4,
    "total_segments": 3,
    "start_waypoint_idx": 1,
    "end_waypoint_idx": 4,
    "save_timestamp": "2025-07-16T05:57:19",
    "case": "maze_5",
    "N": 5
  }
}