{
  "robot_id": 3,
  "waypoints": [
    12,
    18,
    20
  ],
  "phi": [
    0.9189001401432264,
    0.6193511929381627,
    1.6784076491721667
  ],
  "r0": [
    -1.5023132550496172,
    -0.29999999722831716
  ],
  "l": [
    0.050000015078654744,
    0.4170880213500353
  ],
  "phi_new": [
    -0.6518961866516702,
    0.6193511929381627
  ],
  "time_segments": [
    {
      "arc": [
        1.424615193583403,
        1.1421468978908653,
        0.9993775155932068,
        0.9080589863101856,
        0.842883431915625,
        0.7932441231373333,
        0.7537653438372263,
        0.7213796624414053,
        0.694187066240437,
        0.6709372024349055,
        0.6507679471792039,
        0.6330623839876957,
        0.6173654957823473,
        0.6033331229565858,
        0.5906993591808527,
        0.579254982657391,
        0.5688327554492657,
        0.5592971424727654,
        0.5505369580441296,
        0.5424600013048481,
        0.5349890733276125,
        0.5280589733283343,
        0.5216142011502525,
        0.5156071774363866,
        0.5099968488035244,
        0.5047475831429004,
        0.4998282862056332,
        0.49521168884472255,
        0.4908737672176705,
        0.4867932675613453,
        0.4829513139338432,
        0.47933108231909516,
        0.47591752821692246,
        0.47269715764672254,
        0.4696578336246256,
        0.466788611807913,
        0.46407960026324946,
        0.4615218392987565,
        0.4591071980715008,
        0.4568282852914337,
        0.4546783718273857,
        0.4526513234083628,
        0.45074154192532534,
        0.44894391409103246,
        0.44725376642086434,
        0.4456668256654168,
        0.44417918396359324,
        0.44278726809878327,
        0.4414878123351316,
        0.44027783438953305,
        0.439154614160763,
        0.43811567489239905,
        0.43715876649278373,
        0.4362818507747525,
        0.435483088411429,
        0.43476082743308925,
        0.4341135931147442,
        0.43354007912538073,
        0.43303913982829895,
        0.43260978363817715,
        0.4322511673547877,
        0.4319625914060218,
        0.4317434959443526,
        0.43159345775133023,
        0.431512187914372,
        0.4314995302491788,
        0.43155546044974136,
        0.43168008595623997,
        0.4318736465393335,
        0.4321365156074978,
        0.43246920225234564,
        0.43287235405536795,
        0.4333467606884241,
        0.43389335834973664,
        0.43451323508729356,
        0.4352076370726313,
        0.4359779759002109,
        0.43682583700127714,
        0.4377529892765398,
        0.43876139606961145,
        0.439853227623333,
        0.44103087518445555,
        0.4422969669492605,
        0.44365438607437124,
        0.4451062910141745,
        0.44665613849007696,
        0.4483077094486763,
        0.45006513842756773,
        0.45193294682108565,
        0.453916080626489,
        0.4560199533572965,
        0.4582504949389158,
        0.46061420755775917,
        0.4631182296255473,
        0.46577040925424534
      ],
      "line": [
        0.5836338064826041,
        0.5894698575214531
      ]
    },
    {
      "arc": [
        0.5039721761209274,
        0.5065986991847636,
        0.5094247317085845,
        0.512465990346606,
        0.5157374024099421,
        0.5192550404835381,
        0.5230367173402823,
        0.527102399971965,
        0.5314746185389795,
        0.5361789260047207,
        0.5412444412133989,
        0.5467045058525003,
        0.5525974907811406,
        0.5589677970287396,
        0.5658671116618169
      ],
      "line": [
        0.5643950771982565,
        0.5721584371558867,
        0.5806144597731102,
        0.5898548606880428,
        0.5999902338722162,
        0.6111553562521671,
        0.6235164489345325,
        0.6372813131298578,
        0.6527137967551888,
        0.6701549744147679,
        0.6900550836095215,
        0.7130233718623641,
        0.7399091617209769,
        0.7719404051018011,
        0.8109755322553884,
        0.8599985939131717,
        0.9241994041592461,
        1.0137001644079697,
        1.1521748739879014,
        1.418317771695092
      ]
    }
  ],
  "Flagb": [
    -1,
    0,
    -1
  ],
  "waypoint_positions": [
    [
      397.5588560668904,
      201.10499999999982
    ],
    [
      579.985037959467,
      201.10499999999982
    ],
    [
      587.9166110852312,
      270.2223072008189
    ]
  ],
  "total_time": 73.20161512374834,
  "metadata": {
    "robot_id": 3,
    "total_waypoints": 3,
    "total_segments": 2,
    "start_waypoint_idx": 5,
    "end_waypoint_idx": 7,
    "save_timestamp": "2025-07-16T05:57:19",
    "case": "maze_5",
    "N": 5
  }
}