{
  "robot_id": 0,
  "waypoints": [
    25,
    0
  ],
  "phi": [
    1.2566370614359172,
    1.3006048771407346
  ],
  "r0": [
    -22.870309252767452
  ],
  "l": [
    0.049999999503238614
  ],
  "phi_new": [
    1.2566370614359172
  ],
  "time_segments": [
    {
      "arc": [
        1.409164927841641,
        1.4082845743161991,
        1.4074243805929316,
        1.406583795813866,
        1.4057629605599193,
        1.4049616562948481,
        1.4041798166414452,
        1.4034173983375888,
        1.4026743257725014,
        1.4019505025468493,
        1.4012458269471844,
        1.4005601997930646,
        1.3998935268821915,
        1.3992457190650291,
        1.3986166916379585,
        1.3980063637260685,
        1.397414657833239,
        1.3968414995554297,
        1.396286817408512,
        1.395750542725062,
        1.3952326095884529,
        1.3947329547851561,
        1.3942515177647312,
        1.3937882406025188,
        1.3933430679627097,
        1.3929159470612666,
        1.3925068276286654,
        1.392115661872924,
        1.3917424044432574,
        1.391387012394835,
        1.3910494451549085,
        1.3907296644905878,
        1.3904276344783844,
        1.3901433214756056,
        1.3898766940935638,
        1.389627723172375,
        1.3893963817572654,
        1.3891826450759097,
        1.388986490516501,
        1.3888078976060036,
        1.3886468479881684,
        1.38850332540085,
        1.3883773156523622,
        1.3882688065967936,
        1.3881777881085533,
        1.3881042520568343,
        1.3880481922810435,
        1.388009604568677,
        1.3879884866372314,
        1.387984838121736
      ],
      "line": [
        1.7254137039454351,
        1.7254738648519017
      ]
    }
  ],
  "Flagb": [
    0,
    -1
  ],
  "waypoint_positions": [
    [
      50.0,
      100.0
    ],
    [
      80.29593103632257,
      201.10499999999982
    ]
  ],
  "total_time": 73.20150735242675,
  "metadata": {
    "robot_id": 0,
    "total_waypoints": 2,
    "total_segments": 1,
    "start_waypoint_idx": 0,
    "end_waypoint_idx": 1,
    "save_timestamp": "2025-07-16T05:57:19",
    "case": "maze_5",
    "N": 5
  }
}