{
  "robot_id": 2,
  "waypoints": [
    7,
    12
  ],
  "phi": [
    0.35250223521549995,
    0.9189001401432264
  ],
  "r0": [
    0.29999999705204927
  ],
  "l": [
    0.5826744371736422
  ],
  "phi_new": [
    1.9232985620103964
  ],
  "time_segments": [
    {
      "arc": [
        1.665359212290693,
        1.6651547454454614,
        1.6649610580068486,
        1.6647781343956685,
        1.6646059599111507,
        1.6644445207276022,
        1.6642938038912451,
        1.6641537973172733,
        1.6640244897871055,
        1.6639058709458332,
        1.6637979312998794,
        1.6637006622148358,
        1.6636140559135117,
        1.663538105474178,
        1.6634728048289964
      ],
      "line": [
        1.6637703745493977,
        1.6637183073569535,
        1.6636688470594778,
        1.6636219922278748,
        1.6635777415087392,
        1.663536093624242,
        1.6634970473720398,
        1.6634606016251805,
        1.6634267553320121,
        1.6633955075161044,
        1.6633668572761733,
        1.6633408037860078,
        1.6633173462944122,
        1.6632964841251432,
        1.6632782166768625,
        1.663262543423082,
        1.663249463912131,
        1.6632389777671224,
        1.6632310846859142,
        1.6632257844410945,
        1.6632230768799618,
        1.6632229619245131,
        1.6632254395714328,
        1.663230509892101,
        1.6632381730325954,
        1.6632484292137042,
        1.6632612787309378,
        1.6632767219545554,
        1.6632947593295981
      ]
    }
  ],
  "Flagb": [
    1,
    -1
  ],
  "waypoint_positions": [
    [
      357.90099043806947,
      126.22791719911305
    ],
    [
      397.5588560668904,
      201.10499999999982
    ]
  ],
  "total_time": 73.20150733353964,
  "metadata": {
    "robot_id": 2,
    "total_waypoints": 2,
    "total_segments": 1,
    "start_waypoint_idx": 4,
    "end_waypoint_idx": 5,
    "save_timestamp": "2025-07-16T05:57:19",
    "case": "maze_5",
    "N": 5
  }
}