{
  "mean_x_error": 0.07901614130562004,
  "std_x_error": 0.025245717513383177,
  "max_x_error": 0.17223548736572264,
  "mean_y_error": 0.04723927136712939,
  "std_y_error": 0.024972707576722045,
  "max_y_error": 0.09288234544232521,
  "mean_distance_error": 0.09693483239753392,
  "std_distance_error": 0.017565393089532238,
  "max_distance_error": 0.1722397772283401,
  "mean_theta_error": 0.38694121816494637,
  "std_theta_error": 0.720489978578798,
  "max_theta_error": 2.5057292859360363,
  "total_trajectory_time": 24.23659086227417,
  "num_data_points": 201
}