{
  "waypoints": [
    9,
    3,
    8,
    4,
    5,
    6,
    10
  ],
  "phi": [
    0.0,
    -0.3114645806471938,
    -1.5348661123654417,
    -0.967166947319366,
    -0.06294053440258456,
    1.1849001046136158,
    1.287611798736944
  ],
  "r0": [
    0.8604522395232598,
    0.2999979000798682,
    -0.2999979004606775,
    0.2999979007054838,
    0.2999979022392855,
    -0.2999979290763769
  ],
  "l": [
    -2.1577245566087985e-09,
    0.30347547498457705,
    0.2923517424704509,
    0.8334210367426335,
    0.33045461727801384,
    0.6867263768299442
  ],
  "phi_new": [
    0.0,
    -0.3114645806471938,
    -1.5348661123654417,
    0.6036293794755305,
    1.507855792392312,
    1.1849001046136158,
    0.0
  ],
  "time_segments": [
    {
      "arc": [
        1.81650805426669,
        0.8531694724335739,
        0.8531694560868903,
        0.8531694560868867,
        0.8531694560868865,
        0.8531694560868865,
        0.8531694560868865,
        0.8531694560868865,
        0.8531694560868865,
        0.8531694560868865,
        0.8531694560868865,
        0.8531694560868865,
        0.8531694560868865
      ],
      "line": []
    },
    {
      "arc": [
        0.8909365038667311,
        0.8909365038667314,
        0.8909365038667314,
        0.8909365038667314,
        0.8909365038667314,
        0.8909365038667314,
        0.8909365038667314,
        0.8909365038667314,
        0.8909365038667314,
        0.8909365038667314,
        0.8909365038667314,
        0.8909365038667314,
        0.8909365038667314,
        0.8909365038667314,
        0.8909365038667314,
        0.8909365038667314,
        0.8909365038667302,
        0.8909364975438995
      ],
      "line": [
        0.6283136441422974,
        0.6283135041312746,
        0.6283135041306356,
        0.6283135041306361,
        0.628313504130636,
        0.628313504130636,
        0.628313504130636,
        0.628313504130636,
        0.628313504130636,
        0.628313504130636,
        0.628313504130636,
        0.6283135041306361,
        0.6283135041306356,
        0.6283135041311427,
        0.628313626452116
      ]
    },
    {
      "arc": [
        0.93020463541004,
        0.9302046492570679,
        0.9302046492570701,
        0.93020464925707,
        0.93020464925707,
        0.93020464925707,
        0.9302046492570679,
        0.9302046356601117
      ],
      "line": [
        0.6485176111838572,
        0.6485175036642903,
        0.6485175036639542,
        0.6485175036639546,
        0.6485175036639544,
        0.6485175036639546,
        0.6485175036639544,
        0.6485175036640003,
        0.6485175305222333,
        0.7200256538912627,
        0.877199535651222,
        1.0686828698110442,
        1.3019650091648352,
        1.5861701829423458
      ]
    },
    {
      "arc": [
        1.9377935350917954,
        1.7074884371515417,
        1.5619196329025666,
        1.4593175048986913,
        1.3822334011115673,
        1.321848868098193,
        1.2731455916696135,
        1.2330239373707605,
        1.199450617466005
      ],
      "line": [
        1.0734028035772636,
        1.0544871201841555,
        1.0379795038280701,
        1.0235422992664374,
        1.0109092896330627,
        0.9998682096296958,
        0.9902483462369982,
        0.9819115802674281,
        0.9747458120423441,
        0.9686600762745442,
        0.9635808794734212,
        0.9594494409451875,
        0.9562196164858863,
        0.9538563505011733,
        0.9523345487801822,
        0.9516382975920239,
        0.9517603797757039,
        0.9527020581812451,
        0.9544731134326346,
        0.9570921382749906,
        0.960587106288161,
        0.9649962500809629,
        0.9703693050900515,
        0.9767692022513244,
        0.9842743295820098,
        0.9929815343346378,
        1.0030101119741448,
        1.0145071387656153,
        1.0276546725842,
        1.0426796077571936,
        1.0598673871889757,
        1.0795814618859778,
        1.1022915557010307,
        1.128615853392833,
        1.159386024300599,
        1.1957513401734499,
        1.2393532411286907,
        1.2926350395783706,
        1.3594319512187196,
        1.446204609904511,
        1.5649671756987433
      ]
    },
    {
      "arc": [
        2.0232110600868647,
        1.627457475592001,
        1.4346320313871832,
        1.3144105906864596
      ],
      "line": [
        1.0583302569807769,
        1.0174121582118887,
        0.984292390077195,
        0.9570303246128166,
        0.9343258876434362,
        0.9152725782691781,
        0.8992183487681151,
        0.8856827275126341,
        0.8743051704224298,
        0.8648116748059995,
        0.8569925542600503,
        0.8506873040845885,
        0.8457741346294275,
        0.8421626869479355,
        0.8397890002236452,
        0.8386121431402415
      ]
    },
    {
      "arc": [
        1.951422357285577
      ],
      "line": [
        1.1412304460783915,
        1.08382138157315,
        1.0393438399745523,
        1.00393895619102,
        0.9752320002059915,
        0.9516723988699498,
        0.9322017827385953,
        0.9160730872374507,
        0.9027456548904745,
        0.8918213526516436,
        0.8830041350695172,
        0.8760736857064877,
        0.8708678948103741,
        0.8672711269169486,
        0.8652064619422958,
        0.8646308185506824,
        0.8655323229976594,
        0.8679295966528782,
        0.8718728758150273,
        0.877447100000145,
        0.8847773556837114,
        0.8940373966210754,
        0.9054624624641388,
        0.9193684282569045,
        0.9361807087152098,
        0.9564788527033562,
        0.9810675384076769,
        1.0110943022482506,
        1.0482551029687353,
        1.095177570048372,
        1.1561990209929924,
        1.2391384011206596,
        1.3600585171225565,
        1.5599774984648165
      ]
    }
  ],
  "Flagb": [
    0,
    0,
    0,
    1,
    1,
    0,
    0
  ],
  "relay_indices": [
    0,
    3,
    4,
    6
  ],
  "waypoint_positions": [
    [
      0.345,
      1.265
    ],
    [
      0.6086882352941176,
      1.2236
    ],
    [
      0.8274588235294117,
      0.6455333333333334
    ],
    [
      1.0462294117647057,
      0.24533333333333332
    ],
    [
      2.067158823529412,
      0.24533333333333332
    ],
    [
      2.2130058823529413,
      0.6455333333333334
    ],
    [
      2.415,
      1.334
    ]
  ],
  "case": "experi",
  "N": 3
}