{
  "waypoints": [
    9,
    8,
    4,
    5,
    6,
    10
  ],
  "phi": [
    -1.2566370614359172,
    -0.9296580437988867,
    -1.151426761193099,
    -0.029362899467450253,
    1.2446388147180503,
    1.1689109408715774
  ],
  "r0": [
    0.29999971036165735,
    -0.29999973355581366,
    -0.29999970681953225,
    -0.29999971375302537,
    -0.2999999322787941
  ],
  "l": [
    0.5651891629923067,
    0.44992523560690245,
    0.8810651313930834,
    0.40209877785142595,
    0.48836431317233103
  ],
  "phi_new": [
    -1.2566370614359172,
    -0.9296580437988867,
    -2.7222230879879956,
    -1.6001592262623467,
    1.2446388147180503,
    0.0
  ],
  "time_segments": [
    {
      "arc": [
        2.035877694513947,
        1.8649576252379283,
        1.7429704494037015,
        1.6504237734914242
      ],
      "line": [
        1.307658526676461,
        1.2727499409376506,
        1.2424988008265088,
        1.2160535088508901,
        1.192772598892915,
        1.172162603576433,
        1.1538370874472466,
        1.1374888094928541,
        1.1228703106436002,
        1.1097800685473977,
        1.0980524270430783,
        1.0875501438489092,
        1.0781587916365378,
        1.0697824954315702,
        1.0623406498730443,
        1.0557653662501048,
        1.0499994711280107,
        1.0449949278591322,
        1.0407115869227408,
        1.0371161956993205,
        1.03418161612605,
        1.0318862118046082,
        1.0302133759658145,
        1.029151179221611,
        1.028692121947589,
        1.0288329809415737,
        1.029574744073725,
        1.0309226302800474
      ]
    },
    {
      "arc": [
        1.1350120148863991,
        1.138534721950632,
        1.143010355454801
      ],
      "line": [
        1.0587247074137611,
        1.0637732195572105,
        1.0696201861400843,
        1.0763161618910366,
        1.0839215829625295,
        1.092508495371792,
        1.1021627566621315,
        1.1129868574446793,
        1.1251035670773295,
        1.1386606919854545,
        1.1538373607320247,
        1.1708524411236867,
        1.1899759923398725,
        1.2115451305376672,
        1.235986467637835,
        1.2638486086057672,
        1.2958505258577877,
        1.3329559142211473,
        1.376491897858466,
        1.4283473808228406,
        1.4913235124189723,
        1.5697979587995488
      ]
    },
    {
      "arc": [
        1.8474619553211702,
        1.235600913220687,
        1.0647100958852513,
        0.9778946515262963,
        0.9277125625658146,
        0.8987161088708194,
        0.884542011596505,
        0.8825095979054259,
        0.8825050592227871,
        0.882505052435739,
        0.8825050524511173,
        0.8825050524467258,
        0.8825050524456263,
        0.8825050524454321,
        0.8825050524454001,
        0.8825050524453949,
        0.882505052445394,
        0.8825050524453939,
        0.8825050524453939,
        0.8825050524453938,
        0.8825050524453938,
        0.8825050524453938,
        0.8825050524453938,
        0.8825050524453938,
        0.8825050524453938,
        0.8825050524453939,
        0.8825050524453939,
        0.8825050524453938,
        0.8825050524453938,
        0.8825050524453937,
        0.8825050524453927,
        0.8825050524453861,
        0.882505052445346,
        0.8825050524450981,
        0.8825050524435669,
        0.8825050524341496,
        0.8825050523774481,
        0.8825050520564581,
        0.8825050261947115,
        0.8824862117730703
      ],
      "line": [
        0.8113420445103515,
        0.7664097606460331,
        0.7326951081972707,
        0.7065838211301353,
        0.6859575927445943,
        0.6694851799004102,
        0.6562871600276996,
        0.6457617223530226,
        0.6374875033257302,
        0.6311663767350293,
        0.6265882632895062,
        0.6236081244708306,
        0.6221229346771363,
        0.6218963844396883,
        0.6218915954226563,
        0.6218915191897099,
        0.6218915236327339,
        0.6218915242694497,
        0.6218915243455996,
        0.6218915243414609,
        0.6218915243410712,
        0.621891524326998,
        0.6218915241229052,
        0.6218915226857963,
        0.6218915167854815,
        0.6218923543103472,
        0.6219085100414796,
        0.6225936862345844,
        0.6246995500257052,
        0.6283419356839034,
        0.6336372580858228,
        0.640755758723306,
        0.6499415095035072,
        0.66153960819834,
        0.676039202774656,
        0.69414470355293,
        0.7168993319931748,
        0.7459128499955706,
        0.7838161160106466,
        0.8352714404940631,
        0.9095899605615155,
        1.029352504304721,
        1.2643543637750345,
        1.5532459740040507
      ]
    },
    {
      "arc": [
        1.8530922734653308,
        0.8878811638905685,
        0.8878811418732425,
        0.8878811418732406,
        0.8878811418732406,
        0.8878811418732406,
        0.8878811418732406,
        0.8878811418732406,
        0.8878811418732406,
        0.8878811418732406,
        0.8878811418732406,
        0.8878811418732406,
        0.8878811418732406,
        0.8878811418732406,
        0.8878811418732406,
        0.8878811418732406,
        0.8878811418732406,
        0.8878811418732406,
        0.8878811418732406,
        0.8878811418732406,
        0.8878811418732406,
        0.8878811418732406,
        0.8878811418732406,
        0.8878811418732406,
        0.8878811418732406,
        0.8878811418732406,
        0.8878811418732406,
        0.8878811418732406,
        0.8878811418732406,
        0.8878811418732406,
        0.8878811418732406,
        0.8878811418732406,
        0.8878811418732406,
        0.8878811418732406,
        0.8878811418732406,
        0.8878811418732406,
        0.8878811418732406,
        0.8878811418732406,
        0.8878811418732406,
        0.8878811418732406,
        0.8878811418732384,
        0.8878811154611216
      ],
      "line": [
        0.6243771959447475,
        0.6243769398608163,
        0.6243769398606409,
        0.6243769398606409,
        0.6243769398606409,
        0.6243769398606409,
        0.6243769398606409,
        0.6243769398606409,
        0.6243769398606409,
        0.6243769398606409,
        0.6243769398606409,
        0.6243769398606409,
        0.6243769398606409,
        0.6243769398606409,
        0.6243769398606409,
        0.6243769398606409,
        0.6243769398606409,
        0.6243769398606409,
        0.6243769398606409,
        0.6243769398606409
      ]
    },
    {
      "arc": [],
      "line": [
        0.6319413523026195,
        0.6319413523026195,
        0.6319413523026195,
        0.6319413523026195,
        0.6319413523026195,
        0.6319413523026195,
        0.6319413523026195,
        0.6319413523026195,
        0.6319413523026195,
        0.6319413523026195,
        0.6319413523026195,
        0.6319413523026195,
        0.6319413523026195,
        0.6319413523026195,
        0.6319413523026195,
        0.6319413523026195,
        0.6319413523026195,
        0.6319413523026506,
        0.6319413998408869,
        0.696382748153202,
        0.8527422320868959,
        1.044209405030627,
        1.278666969197914,
        1.5657675956593553
      ]
    }
  ],
  "Flagb": [
    0,
    0,
    -1,
    -1,
    0,
    0
  ],
  "relay_indices": [
    0,
    2,
    3,
    5
  ],
  "waypoint_positions": [
    [
      0.45999999999999996,
      1.265
    ],
    [
      0.8429364705882351,
      0.7253214285714285
    ],
    [
      1.0597182352941175,
      0.2571071428571427
    ],
    [
      2.071366470588235,
      0.2571071428571427
    ],
    [
      2.215887647058823,
      0.7253214285714285
    ],
    [
      2.415,
      1.196
    ]
  ],
  "case": "experi",
  "N": 3
}