{
  "waypoints": [
    5,
    6,
    10
  ],
  "phi": [
    -0.029362899467450253,
    1.2446388147180503,
    1.1689109408715774
  ],
  "r0": [
    -0.29999971375302537,
    -0.2999999322787941
  ],
  "l": [
    0.40209877785142595,
    0.48836431317233103
  ],
  "phi_new": [
    -1.6001592262623467,
    1.2446388147180503
  ],
  "time_segments": [
    {
      "arc": [
        1.8530922734653308,
        0.8878811638905685,
        0.8878811418732425,
        0.8878811418732406,
        0.8878811418732406,
        0.8878811418732406,
        0.8878811418732406,
        0.8878811418732406,
        0.8878811418732406,
        0.8878811418732406,
        0.8878811418732406,
        0.8878811418732406,
        0.8878811418732406,
        0.8878811418732406,
        0.8878811418732406,
        0.8878811418732406,
        0.8878811418732406,
        0.8878811418732406,
        0.8878811418732406,
        0.8878811418732406,
        0.8878811418732406,
        0.8878811418732406,
        0.8878811418732406,
        0.8878811418732406,
        0.8878811418732406,
        0.8878811418732406,
        0.8878811418732406,
        0.8878811418732406,
        0.8878811418732406,
        0.8878811418732406,
        0.8878811418732406,
        0.8878811418732406,
        0.8878811418732406,
        0.8878811418732406,
        0.8878811418732406,
        0.8878811418732406,
        0.8878811418732406,
        0.8878811418732406,
        0.8878811418732406,
        0.8878811418732406,
        0.8878811418732384,
        0.8878811154611216
      ],
      "line": [
        0.6243771959447475,
        0.6243769398608163,
        0.6243769398606409,
        0.6243769398606409,
        0.6243769398606409,
        0.6243769398606409,
        0.6243769398606409,
        0.6243769398606409,
        0.6243769398606409,
        0.6243769398606409,
        0.6243769398606409,
        0.6243769398606409,
        0.6243769398606409,
        0.6243769398606409,
        0.6243769398606409,
        0.6243769398606409,
        0.6243769398606409,
        0.6243769398606409,
        0.6243769398606409,
        0.6243769398606409
      ]
    },
    {
      "arc": [],
      "line": [
        0.6319413523026195,
        0.6319413523026195,
        0.6319413523026195,
        0.6319413523026195,
        0.6319413523026195,
        0.6319413523026195,
        0.6319413523026195,
        0.6319413523026195,
        0.6319413523026195,
        0.6319413523026195,
        0.6319413523026195,
        0.6319413523026195,
        0.6319413523026195,
        0.6319413523026195,
        0.6319413523026195,
        0.6319413523026195,
        0.6319413523026195,
        0.6319413523026506,
        0.6319413998408869,
        0.696382748153202,
        0.8527422320868959,
        1.044209405030627,
        1.278666969197914,
        1.5657675956593553
      ]
    }
  ],
  "Flagb": [
    -1,
    0,
    0
  ],
  "waypoint_positions": [
    [
      2.071366470588235,
      0.2571071428571427
    ],
    [
      2.215887647058823,
      0.7253214285714285
    ],
    [
      2.415,
      1.196
    ]
  ],
  "case": "experi",
  "robot_id": 2
}