{
  "waypoints": [
    9,
    3,
    4,
    5
  ],
  "phi": [
    0.0,
    -0.46808748922150617,
    -1.644430904441296,
    -1.1300561639550168
  ],
  "r0": [
    0.5844409057023109,
    0.29999790007944965,
    -0.2999979006148473
  ],
  "l": [
    -2.2576975207427626e-09,
    0.24446421956935666,
    0.2765788719050631
  ],
  "phi_new": [
    0.0,
    -0.46808748922150617,
    -1.644430904441296
  ],
  "time_segments": [
    {
      "arc": [
        2.071784190567243,
        0.858160874069445,
        0.6584900304631077,
        0.5551328924521444,
        0.5365361881526142,
        0.5365361731348317,
        0.5365361731348217,
        0.5365361731348217,
        0.5365361731348217,
        0.5365361731348217,
        0.5365361731348217,
        0.5365361731348217,
        0.5365361731348217
      ],
      "line": []
    },
    {
      "arc": [
        0.551038251419052,
        0.5510382514190523,
        0.5510382514190523,
        0.5510382514190523,
        0.5510382514190523,
        0.5510382514190523,
        0.5510382514190523,
        0.5510382514190523,
        0.5510382514190523,
        0.5510382514190523,
        0.5510382514190523,
        0.5510382514190523,
        0.551038251419057,
        0.5510382601613699,
        0.5652278685167984,
        0.6717763314151686,
        0.8797979720168068
      ],
      "line": [
        0.5391616066074926,
        0.45003696675506316,
        0.4172886009515476,
        0.4074404107844943,
        0.40744033752095005,
        0.4074403375207127,
        0.4074403375207127,
        0.4074403375207127,
        0.4074403375208935,
        0.4074403933177891,
        0.41610623090026594,
        0.4468632861125809
      ]
    },
    {
      "arc": [
        0.585164692183928,
        0.5851647203916207,
        0.5851647203916329,
        0.5851647203916328,
        0.5851647203916329,
        0.5851647203916208,
        0.5851646924218056
      ],
      "line": [
        0.4652665387539472,
        0.43277702719197486,
        0.42550595508210926,
        0.42550592473577037,
        0.4255059247358044,
        0.4255059675784335,
        0.4344877548021093,
        0.4699240464135898,
        0.5745712352695878,
        0.7252577032793095,
        0.9154630860194027,
        1.155551562898525,
        1.4586054246647668
      ]
    }
  ],
  "Flagb": [
    0,
    0,
    0,
    1
  ],
  "waypoint_positions": [
    [
      0.345,
      1.242
    ],
    [
      0.6086882352941176,
      1.1791333333333336
    ],
    [
      0.7545352941176471,
      0.6455333333333334
    ],
    [
      0.9003823529411765,
      0.24533333333333332
    ]
  ],
  "case": "experi",
  "robot_id": 0
}