{
  "waypoints": [
    6,
    7,
    10
  ],
  "phi": [
    -0.03226977174160024,
    1.1753684315607391,
    1.2448190150816456
  ],
  "r0": [
    0.299997901754391,
    -0.29999796392781913
  ],
  "l": [
    0.31893033492088396,
    0.5604928616978774
  ],
  "phi_new": [
    1.5385265550532963,
    1.1753684315607391
  ],
  "time_segments": [
    {
      "arc": [
        2.1510841014951017,
        1.3102811988052805,
        1.0988436943583866,
        0.9839131529311472,
        0.9090039981747802
      ],
      "line": [
        0.8359234202161133,
        0.7981029645304235,
        0.7683386571732139,
        0.744385821298325,
        0.7248168375554006,
        0.7086762725466847,
        0.6952995905272957,
        0.6842109394653357,
        0.6750622648876293,
        0.6675954272134426,
        0.6616178154677186,
        0.6569862522233073,
        0.6535962142625311,
        0.6513746117477303,
        0.6502750683276849
      ]
    },
    {
      "arc": [],
      "line": [
        0.5529395133719083,
        0.5534078095570704,
        0.5543491831355083,
        0.5557733378843236,
        0.5576951912545558,
        0.5601353328246494,
        0.5631206787318348,
        0.5666853647881349,
        0.5708719398680504,
        0.5757329474292282,
        0.5813330206788001,
        0.5877516722381625,
        0.5950870424657533,
        0.6034609990703128,
        0.6130261839102975,
        0.623975933588068,
        0.6365585555694776,
        0.6510984068622281,
        0.6680279702797413,
        0.6879384413998634,
        0.7116629982237123,
        0.7404212131896547,
        0.7760863489480345,
        0.8217232980604056,
        0.8827998581630767,
        0.9703889915281847,
        1.1120999644716965,
        1.4148386606451533
      ]
    }
  ],
  "Flagb": [
    1,
    0,
    0
  ],
  "waypoint_positions": [
    [
      1.9213117647058824,
      0.24533333333333332
    ],
    [
      2.067158823529412,
      0.6455333333333334
    ],
    [
      2.254,
      1.196
    ]
  ],
  "case": "experi",
  "robot_id": 2
}