{
  "waypoints": [
    9,
    8,
    4
  ],
  "phi": [
    -1.2566370614359172,
    -0.9296580437988867,
    -1.151426761193099
  ],
  "r0": [
    0.29999971036165735,
    -0.29999973355581366
  ],
  "l": [
    0.5651891629923067,
    0.44992523560690245
  ],
  "phi_new": [
    -1.2566370614359172,
    -0.9296580437988867
  ],
  "time_segments": [
    {
      "arc": [
        2.035877694513947,
        1.8649576252379283,
        1.7429704494037015,
        1.6504237734914242
      ],
      "line": [
        1.307658526676461,
        1.2727499409376506,
        1.2424988008265088,
        1.2160535088508901,
        1.192772598892915,
        1.172162603576433,
        1.1538370874472466,
        1.1374888094928541,
        1.1228703106436002,
        1.1097800685473977,
        1.0980524270430783,
        1.0875501438489092,
        1.0781587916365378,
        1.0697824954315702,
        1.0623406498730443,
        1.0557653662501048,
        1.0499994711280107,
        1.0449949278591322,
        1.0407115869227408,
        1.0371161956993205,
        1.03418161612605,
        1.0318862118046082,
        1.0302133759658145,
        1.029151179221611,
        1.028692121947589,
        1.0288329809415737,
        1.029574744073725,
        1.0309226302800474
      ]
    },
    {
      "arc": [
        1.1350120148863991,
        1.138534721950632,
        1.143010355454801
      ],
      "line": [
        1.0587247074137611,
        1.0637732195572105,
        1.0696201861400843,
        1.0763161618910366,
        1.0839215829625295,
        1.092508495371792,
        1.1021627566621315,
        1.1129868574446793,
        1.1251035670773295,
        1.1386606919854545,
        1.1538373607320247,
        1.1708524411236867,
        1.1899759923398725,
        1.2115451305376672,
        1.235986467637835,
        1.2638486086057672,
        1.2958505258577877,
        1.3329559142211473,
        1.376491897858466,
        1.4283473808228406,
        1.4913235124189723,
        1.5697979587995488
      ]
    }
  ],
  "Flagb": [
    0,
    0,
    -1
  ],
  "waypoint_positions": [
    [
      0.45999999999999996,
      1.265
    ],
    [
      0.8429364705882351,
      0.7253214285714285
    ],
    [
      1.0597182352941175,
      0.2571071428571427
    ]
  ],
  "case": "experi",
  "robot_id": 0
}