{
  "waypoints": [
    5,
    6
  ],
  "phi": [
    -1.1300561639550168,
    -0.03226977174160024
  ],
  "r0": [
    0.2999979014831301
  ],
  "l": [
    0.8837285099135969
  ],
  "phi_new": [
    0.4407401628398797
  ],
  "time_segments": [
    {
      "arc": [
        2.074820329047871,
        1.2134064203014525,
        1.0130399083971031,
        0.9038980063967544,
        0.8323944081987763,
        0.7809800206840015,
        0.7418596690749031
      ],
      "line": [
        0.7046469832783245,
        0.6801811128948773,
        0.6598896941671287,
        0.6428230667153987,
        0.6283191954478473,
        0.6159009839703822,
        0.6052153198850603,
        0.5959951643178643,
        0.5880350483561747,
        0.5811747180497682,
        0.575287920484299,
        0.5702745408078175,
        0.5660549878275876,
        0.5625661293534902,
        0.559758323399273,
        0.557593244678742,
        0.55604230470131,
        0.555085529503645,
        0.5547108043110828,
        0.55491342699886,
        0.5556959371439659,
        0.5570682081880809,
        0.5590478094233939,
        0.5616606645292216,
        0.5649420567461226,
        0.5689380606338357,
        0.5737075211804085,
        0.5793247596143792,
        0.5858832725324994,
        0.5935008250840575,
        0.602326551327338,
        0.6125510214990655,
        0.624420820519022,
        0.6382602046632703,
        0.6545042684485507,
        0.6737516245476657,
        0.6968518392998136,
        0.7250585950541094,
        0.7603167624457521,
        0.8058496866153183,
        0.867511775326335,
        0.9574871621880462,
        1.1076793760647539,
        1.417208846686692
      ]
    }
  ],
  "Flagb": [
    1,
    1
  ],
  "waypoint_positions": [
    [
      0.9003823529411765,
      0.24533333333333332
    ],
    [
      1.9213117647058824,
      0.24533333333333332
    ]
  ],
  "case": "experi",
  "robot_id": 1
}