{
  "waypoints": [
    5,
    6,
    10
  ],
  "phi": [
    -0.06294053440258456,
    1.1849001046136158,
    1.287611798736944
  ],
  "r0": [
    0.2999979022392855,
    -0.2999979290763769
  ],
  "l": [
    0.33045461727801384,
    0.6867263768299442
  ],
  "phi_new": [
    1.507855792392312,
    1.1849001046136158
  ],
  "time_segments": [
    {
      "arc": [
        2.0232110600868647,
        1.627457475592001,
        1.4346320313871832,
        1.3144105906864596
      ],
      "line": [
        1.0583302569807769,
        1.0174121582118887,
        0.984292390077195,
        0.9570303246128166,
        0.9343258876434362,
        0.9152725782691781,
        0.8992183487681151,
        0.8856827275126341,
        0.8743051704224298,
        0.8648116748059995,
        0.8569925542600503,
        0.8506873040845885,
        0.8457741346294275,
        0.8421626869479355,
        0.8397890002236452,
        0.8386121431402415
      ]
    },
    {
      "arc": [
        1.951422357285577
      ],
      "line": [
        1.1412304460783915,
        1.08382138157315,
        1.0393438399745523,
        1.00393895619102,
        0.9752320002059915,
        0.9516723988699498,
        0.9322017827385953,
        0.9160730872374507,
        0.9027456548904745,
        0.8918213526516436,
        0.8830041350695172,
        0.8760736857064877,
        0.8708678948103741,
        0.8672711269169486,
        0.8652064619422958,
        0.8646308185506824,
        0.8655323229976594,
        0.8679295966528782,
        0.8718728758150273,
        0.877447100000145,
        0.8847773556837114,
        0.8940373966210754,
        0.9054624624641388,
        0.9193684282569045,
        0.9361807087152098,
        0.9564788527033562,
        0.9810675384076769,
        1.0110943022482506,
        1.0482551029687353,
        1.095177570048372,
        1.1561990209929924,
        1.2391384011206596,
        1.3600585171225565,
        1.5599774984648165
      ]
    }
  ],
  "Flagb": [
    1,
    0,
    0
  ],
  "waypoint_positions": [
    [
      2.067158823529412,
      0.24533333333333332
    ],
    [
      2.2130058823529413,
      0.6455333333333334
    ],
    [
      2.415,
      1.334
    ]
  ],
  "case": "experi",
  "robot_id": 2
}