{
  "waypoints": [
    9,
    8,
    4
  ],
  "phi": [
    1.2566370614359172,
    0.9296580437988867,
    1.151426761193099
  ],
  "r0": [
    0.29999971036165735,
    -0.29999973355581366
  ],
  "l": [
    0.5651891629923067,
    0.44992523560690245
  ],
  "phi_new": [
    1.2566370614359172,
    0.9296580437988867
  ],
  "time_segments": [
    {
      "arc": [
        1.7080427507166955,
        0.7074944364599276,
        0.5834828494643697,
        0.5834819702211184
      ],
      "line": [
        0.41607156617033914,
        0.3951973160842702,
        0.38940598520159614,
        0.38940595683724205,
        0.3894059568371658,
        0.38940595683716583,
        0.38940595683716583,
        0.38940595683716583,
        0.38940595683716583,
        0.38940595683716583,
        0.38940595683716583,
        0.38940595683716583,
        0.38940595683716583,
        0.38940595683716583,
        0.38940595683716583,
        0.38940595683716583,
        0.38940595683716583,
        0.38940595683716583,
        0.38940595683716583,
        0.38940595683716583,
        0.38940595683716583,
        0.38940595683716583,
        0.38940595683716583,
        0.38940595683716583,
        0.3894059568372833,
        0.3894060005392104,
        0.3965799477906107,
        0.4195030276006477
      ]
    },
    {
      "arc": [
        0.5276508046267167,
        0.5276508237529891,
        0.5276508046746711
      ],
      "line": [
        0.4247566475318731,
        0.40143103321987933,
        0.3945340647757444,
        0.3945340289574176,
        0.3945340289573262,
        0.39453402895732625,
        0.3945340289573262,
        0.3945340289573262,
        0.3945340289573262,
        0.3945340289573262,
        0.3945340289573262,
        0.3945340289573262,
        0.39453402895732625,
        0.3945340289580132,
        0.3945342994954975,
        0.4065594699809946,
        0.43801360664453853,
        0.5149898414931318,
        0.6618060657961871,
        0.8504775257531502,
        1.0929365357893914,
        1.404517157489395
      ]
    }
  ],
  "Flagb": [
    0,
    0,
    -1
  ],
  "waypoint_positions": [
    [
      200.0,
      50.0
    ],
    [
      366.4941176470587,
      284.64285714285717
    ],
    [
      460.7470588235293,
      488.2142857142858
    ]
  ],
  "case": "experi",
  "robot_id": 0
}