{
  "waypoints": [
    4,
    5
  ],
  "phi": [
    -1.151426761193099,
    -0.029362899467450253
  ],
  "r0": [
    -0.29999970681953225
  ],
  "l": [
    0.8810651313930834
  ],
  "phi_new": [
    -2.7222230879879956
  ],
  "time_segments": [
    {
      "arc": [
        1.8474619553211702,
        1.235600913220687,
        1.0647100958852513,
        0.9778946515262963,
        0.9277125625658146,
        0.8987161088708194,
        0.884542011596505,
        0.8825095979054259,
        0.8825050592227871,
        0.882505052435739,
        0.8825050524511173,
        0.8825050524467258,
        0.8825050524456263,
        0.8825050524454321,
        0.8825050524454001,
        0.8825050524453949,
        0.882505052445394,
        0.8825050524453939,
        0.8825050524453939,
        0.8825050524453938,
        0.8825050524453938,
        0.8825050524453938,
        0.8825050524453938,
        0.8825050524453938,
        0.8825050524453938,
        0.8825050524453939,
        0.8825050524453939,
        0.8825050524453938,
        0.8825050524453938,
        0.8825050524453937,
        0.8825050524453927,
        0.8825050524453861,
        0.882505052445346,
        0.8825050524450981,
        0.8825050524435669,
        0.8825050524341496,
        0.8825050523774481,
        0.8825050520564581,
        0.8825050261947115,
        0.8824862117730703
      ],
      "line": [
        0.8113420445103515,
        0.7664097606460331,
        0.7326951081972707,
        0.7065838211301353,
        0.6859575927445943,
        0.6694851799004102,
        0.6562871600276996,
        0.6457617223530226,
        0.6374875033257302,
        0.6311663767350293,
        0.6265882632895062,
        0.6236081244708306,
        0.6221229346771363,
        0.6218963844396883,
        0.6218915954226563,
        0.6218915191897099,
        0.6218915236327339,
        0.6218915242694497,
        0.6218915243455996,
        0.6218915243414609,
        0.6218915243410712,
        0.621891524326998,
        0.6218915241229052,
        0.6218915226857963,
        0.6218915167854815,
        0.6218923543103472,
        0.6219085100414796,
        0.6225936862345844,
        0.6246995500257052,
        0.6283419356839034,
        0.6336372580858228,
        0.640755758723306,
        0.6499415095035072,
        0.66153960819834,
        0.676039202774656,
        0.69414470355293,
        0.7168993319931748,
        0.7459128499955706,
        0.7838161160106466,
        0.8352714404940631,
        0.9095899605615155,
        1.029352504304721,
        1.2643543637750345,
        1.5532459740040507
      ]
    }
  ],
  "Flagb": [
    -1,
    -1
  ],
  "waypoint_positions": [
    [
      1.0597182352941175,
      0.2571071428571427
    ],
    [
      2.071366470588235,
      0.2571071428571427
    ]
  ],
  "case": "experi",
  "robot_id": 1
}