{
  "waypoints": [
    4,
    5
  ],
  "phi": [
    -0.967166947319366,
    -0.06294053440258456
  ],
  "r0": [
    0.2999979007054838
  ],
  "l": [
    0.8334210367426335
  ],
  "phi_new": [
    0.6036293794755305
  ],
  "time_segments": [
    {
      "arc": [
        1.9377935350917954,
        1.7074884371515417,
        1.5619196329025666,
        1.4593175048986913,
        1.3822334011115673,
        1.321848868098193,
        1.2731455916696135,
        1.2330239373707605,
        1.199450617466005
      ],
      "line": [
        1.0734028035772636,
        1.0544871201841555,
        1.0379795038280701,
        1.0235422992664374,
        1.0109092896330627,
        0.9998682096296958,
        0.9902483462369982,
        0.9819115802674281,
        0.9747458120423441,
        0.9686600762745442,
        0.9635808794734212,
        0.9594494409451875,
        0.9562196164858863,
        0.9538563505011733,
        0.9523345487801822,
        0.9516382975920239,
        0.9517603797757039,
        0.9527020581812451,
        0.9544731134326346,
        0.9570921382749906,
        0.960587106288161,
        0.9649962500809629,
        0.9703693050900515,
        0.9767692022513244,
        0.9842743295820098,
        0.9929815343346378,
        1.0030101119741448,
        1.0145071387656153,
        1.0276546725842,
        1.0426796077571936,
        1.0598673871889757,
        1.0795814618859778,
        1.1022915557010307,
        1.128615853392833,
        1.159386024300599,
        1.1957513401734499,
        1.2393532411286907,
        1.2926350395783706,
        1.3594319512187196,
        1.446204609904511,
        1.5649671756987433
      ]
    }
  ],
  "Flagb": [
    1,
    1
  ],
  "waypoint_positions": [
    [
      1.0462294117647057,
      0.24533333333333332
    ],
    [
      2.067158823529412,
      0.24533333333333332
    ]
  ],
  "case": "experi",
  "robot_id": 1
}