{
  "waypoints": [
    5,
    6,
    10
  ],
  "phi": [
    0.029362899467450253,
    -1.2446388147180503,
    -1.1689109408715774
  ],
  "r0": [
    -0.29999971375302537,
    -0.2999999322787941
  ],
  "l": [
    0.40209877785142595,
    0.48836431317233103
  ],
  "phi_new": [
    -1.5414334273274464,
    -1.2446388147180503
  ],
  "time_segments": [
    {
      "arc": [
        1.627297671544485,
        0.9513016774817451,
        0.7946618403769673,
        0.7094695766677361
      ],
      "line": [
        0.5945210809016545,
        0.5637255321055,
        0.539574640074258,
        0.5200906810081031,
        0.5040468136608334,
        0.49063577349858944,
        0.4793018645727111,
        0.4696487721141523,
        0.46138575868474085,
        0.45429466446143507,
        0.44820882709413185,
        0.4429991539551192,
        0.4385646585115681,
        0.43482588010952744,
        0.43172022416754546,
        0.42919861828833417,
        0.4272230953896005,
        0.42576504892717104,
        0.4248039912587959,
        0.4243267033152453
      ]
    },
    {
      "arc": [],
      "line": [
        0.43648536934370624,
        0.43703748585464347,
        0.4381501570939024,
        0.43984063430042264,
        0.4421357649046079,
        0.4450732562853104,
        0.44870354238098753,
        0.4530924459205979,
        0.45832493441081573,
        0.46451043266222336,
        0.47179042180753433,
        0.48034950437828494,
        0.4904319012415778,
        0.5023667810147407,
        0.5166085726293272,
        0.5338039959626627,
        0.5549097009352328,
        0.5814132335957004,
        0.6157863005545132,
        0.6625324807066892,
        0.7310676296698804,
        0.846245502830674,
        1.088841604238673,
        1.4009888425648087
      ]
    }
  ],
  "Flagb": [
    -1,
    0,
    0
  ],
  "waypoint_positions": [
    [
      900.5941176470586,
      488.2142857142858
    ],
    [
      963.4294117647056,
      284.64285714285717
    ],
    [
      1050.0,
      80.0
    ]
  ],
  "case": "experi",
  "robot_id": 2
}