{
  "waypoints": [
    9,
    3,
    8,
    4
  ],
  "phi": [
    0.0,
    -0.3114645806471938,
    -1.5348661123654417,
    -0.967166947319366
  ],
  "r0": [
    0.8604522395232598,
    0.2999979000798682,
    -0.2999979004606775
  ],
  "l": [
    -2.1577245566087985e-09,
    0.30347547498457705,
    0.2923517424704509
  ],
  "phi_new": [
    0.0,
    -0.3114645806471938,
    -1.5348661123654417
  ],
  "time_segments": [
    {
      "arc": [
        1.81650805426669,
        0.8531694724335739,
        0.8531694560868903,
        0.8531694560868867,
        0.8531694560868865,
        0.8531694560868865,
        0.8531694560868865,
        0.8531694560868865,
        0.8531694560868865,
        0.8531694560868865,
        0.8531694560868865,
        0.8531694560868865,
        0.8531694560868865
      ],
      "line": []
    },
    {
      "arc": [
        0.8909365038667311,
        0.8909365038667314,
        0.8909365038667314,
        0.8909365038667314,
        0.8909365038667314,
        0.8909365038667314,
        0.8909365038667314,
        0.8909365038667314,
        0.8909365038667314,
        0.8909365038667314,
        0.8909365038667314,
        0.8909365038667314,
        0.8909365038667314,
        0.8909365038667314,
        0.8909365038667314,
        0.8909365038667314,
        0.8909365038667302,
        0.8909364975438995
      ],
      "line": [
        0.6283136441422974,
        0.6283135041312746,
        0.6283135041306356,
        0.6283135041306361,
        0.628313504130636,
        0.628313504130636,
        0.628313504130636,
        0.628313504130636,
        0.628313504130636,
        0.628313504130636,
        0.628313504130636,
        0.6283135041306361,
        0.6283135041306356,
        0.6283135041311427,
        0.628313626452116
      ]
    },
    {
      "arc": [
        0.93020463541004,
        0.9302046492570679,
        0.9302046492570701,
        0.93020464925707,
        0.93020464925707,
        0.93020464925707,
        0.9302046492570679,
        0.9302046356601117
      ],
      "line": [
        0.6485176111838572,
        0.6485175036642903,
        0.6485175036639542,
        0.6485175036639546,
        0.6485175036639544,
        0.6485175036639546,
        0.6485175036639544,
        0.6485175036640003,
        0.6485175305222333,
        0.7200256538912627,
        0.877199535651222,
        1.0686828698110442,
        1.3019650091648352,
        1.5861701829423458
      ]
    }
  ],
  "Flagb": [
    0,
    0,
    0,
    1
  ],
  "waypoint_positions": [
    [
      0.345,
      1.265
    ],
    [
      0.6086882352941176,
      1.2236
    ],
    [
      0.8274588235294117,
      0.6455333333333334
    ],
    [
      1.0462294117647057,
      0.24533333333333332
    ]
  ],
  "case": "experi",
  "robot_id": 0
}