{
  "waypoints": [
    4,
    5
  ],
  "phi": [
    1.151426761193099,
    0.029362899467450253
  ],
  "r0": [
    -0.29999970681953225
  ],
  "l": [
    0.8810651313930834
  ],
  "phi_new": [
    -0.4193695656017975
  ],
  "time_segments": [
    {
      "arc": [
        1.633755602691671,
        0.9302735988477813,
        0.7768327298282036,
        0.69361699464322,
        0.6392797554649526,
        0.6003353707274477
      ],
      "line": [
        0.5119332972522938,
        0.49481408645527947,
        0.48058379745370183,
        0.46860014978004905,
        0.45841220161977153,
        0.44969318843641076,
        0.4422002470002165,
        0.4357491569984803,
        0.4301979038516585,
        0.4254356470875186,
        0.421375123898504,
        0.41794730662009427,
        0.4150975823719454,
        0.412782988848388,
        0.41097020268725154,
        0.40963407928800055,
        0.4087566095876159,
        0.40832620414138854,
        0.4083372463020618,
        0.40878987960945984,
        0.4096900131919249,
        0.41104954558783346,
        0.4128868240543409,
        0.41522737528567216,
        0.41810496709534994,
        0.4215630925896607,
        0.4256570140567304,
        0.43045657183293506,
        0.4360500681689477,
        0.44254970249249553,
        0.4500993070806353,
        0.4588855940932222,
        0.46915493747473974,
        0.48123920485304134,
        0.49559703218846524,
        0.5128828218739546,
        0.5340686803000863,
        0.5606755447193041,
        0.5952530783730269,
        0.6425080344875755,
        0.7124886926612547,
        0.8327904095310608,
        1.0758222133808806,
        1.389779778226259
      ]
    }
  ],
  "Flagb": [
    -1,
    -1
  ],
  "waypoint_positions": [
    [
      460.7470588235293,
      488.2142857142858
    ],
    [
      900.5941176470586,
      488.2142857142858
    ]
  ],
  "case": "experi",
  "robot_id": 1
}