{
    "polygons": [
        {
            "vertices": [
                [
                    494,
                    0
                ],
                [
                    900,
                    0
                ],
                [
                    900,
                    355
                ],
                [
                    494,
                    355
                ]
            ]
        },
        {
            "vertices": [
                [
                    0,
                    184
                ],
                [
                    266,
                    184
                ],
                [
                    266,
                    467
                ],
                [
                    0,
                    467
                ]
            ]
        }
    ],
    "coord_bounds": [
        10,
        1100,
        10,
        600
    ],
    "width": 1100,
    "height": 600,
    "start_pose": [
        200.0,
        50.0,
        1.2560000000000002
    ],
    "goal_pose": [
        1050.0,
        80.0,
        3.14159265
    ]
}