{
    "nodes": [
        [
            0,
            [
                11.0,
                48.66666666666667
            ],
            null,
            false
        ],
        [
            1,
            [
                11.0,
                532.0
            ],
            null,
            false
        ],
        [
            2,
            [
                264.6470588235294,
                48.66666666666667
            ],
            null,
            false
        ],
        [
            3,
            [
                264.6470588235294,
                532.0
            ],
            null,
            false
        ],
        [
            4,
            [
                454.88235294117646,
                106.66666666666666
            ],
            null,
            false
        ],
        [
            5,
            [
                898.7647058823529,
                106.66666666666666
            ],
            null,
            false
        ],
        [
            6,
            [
                962.1764705882354,
                280.6666666666667
            ],
            null,
            false
        ],
        [
            7,
            [
                1089.0,
                280.6666666666667
            ],
            null,
            false
        ],
        [
            8,
            [
                359.7647058823529,
                280.6666666666667
            ],
            null,
            false
        ],
        [
            9,
            [
                150.0,
                550.0
            ],
            null,
            false
        ],
        [
            10,
            [
                1050.0,
                580.0
            ],
            null,
            false
        ]
    ],
    "in_neighbors": {
        "0": [],
        "1": [
            9
        ],
        "2": [
            0
        ],
        "3": [
            1,
            9
        ],
        "4": [
            8,
            2
        ],
        "5": [
            4
        ],
        "6": [
            5
        ],
        "7": [
            6,
            5
        ],
        "8": [
            2,
            3
        ],
        "9": [],
        "10": [
            6,
            7
        ]
    },
    "out_neighbors": {
        "0": [
            2
        ],
        "1": [
            3
        ],
        "2": [
            8,
            4
        ],
        "3": [
            8
        ],
        "4": [
            5
        ],
        "5": [
            6,
            7
        ],
        "6": [
            7,
            10
        ],
        "7": [
            10
        ],
        "8": [
            4
        ],
        "9": [
            1,
            3
        ],
        "10": []
    },
    "coordinate_frame": "world_pixel",
    "data_coordinate_frame": "world_pixel",
    "coordinate_frames": {
        "camera_pixel_frame": {
            "name": "Camera Pixel Frame",
            "units": "pixels"
        },
        "world_pixel_frame": {
            "name": "World Pixel Frame",
            "units": "pixels"
        },
        "world_frame": {
            "name": "World Frame",
            "units": "meters"
        }
    },
    "start_pose": [
        150.0,
        550.0,
        1.2560000000000002
    ],
    "goal_pose": [
        1050.0,
        580.0,
        3.14159265
    ],
    "rebuild_info": {
        "rebuilt_from": "Graph_experi.json",
        "case": "experi",
        "N": 3,
        "arc_range": [
            50,
            700
        ],
        "original_nodes": 11,
        "rebuilt_nodes": 11
    }
}