{"nodes": [[0, [36.17313827272728, 201.11100000000033], null, false], [1, [77.99637554545455, 201.11100000000033], null, false], [2, [86.361023, 120.55650038999997], null, false], [3, [86.361023, 232.09349985000028], null, false], [4, [86.361023, 353.95799926000063], null, false], [5, [211.83073481818184, 120.55650038999997], null, false], [6, [211.83073481818184, 232.09349985000028], null, false], [7, [211.83073481818184, 353.95799926000063], null, false], [8, [220.19538227272727, 201.11100000000033], null, false], [9, [278.7479144545455, 201.11100000000033], null, false], [10, [287.1125619090909, 130.88400033999997], null, false], [11, [287.1125619090909, 370.4819991800007], null, false], [12, [362.394389, 130.88400033999997], null, false], [13, [362.394389, 370.4819991800007], null, false], [14, [370.7590364545455, 201.11100000000033], null, false], [15, [404.2176262727273, 201.11100000000033], null, false], [16, [412.58227372727276, 62.722500669999995], null, false], [17, [412.58227372727276, 339.4994993300006], null, false], [18, [529.6873380909092, 62.722500669999995], null, false], [19, [529.6873380909092, 339.4994993300006], null, false], [20, [579.8752228181819, 201.11100000000033], null, false], [21, [588.2398702727273, 269.2724996700004], null, false], [22, [655.157049909091, 269.2724996700004], null, false], [23, [663.5216973636365, 159.8010002000002], null, false], [24, [671.8863448181819, 201.11100000000033], null, false], [25, [780.6267617272729, 201.11100000000033], null, false], [26, [533.8696618181818, 200.07825000500026], null, false], [27, [50, 65], null, false], [28, [750.0, 150.0], null, false]], "in_neighbors": {"0": [27], "1": [0, 27], "2": [1, 0, 27], "3": [1, 0, 27], "4": [1, 0, 27], "5": [2], "6": [3, 0], "7": [4], "8": [6, 5, 7], "9": [8, 3, 5, 6, 7], "10": [9, 5, 6, 7, 8], "11": [9, 5, 6, 7, 8], "12": [10, 5], "13": [11], "14": [12, 13], "15": [14, 12, 13], "16": [15, 12, 14], "17": [15, 12, 13, 14], "18": [16], "19": [17, 13], "20": [26, 14, 15, 18, 19], "21": [20, 18, 19], "22": [21], "23": [22], "24": [23, 22], "25": [24, 22, 23], "26": [18, 19, 15, 14], "27": [], "28": [22, 23, 24, 25]}, "out_neighbors": {"0": [1, 3, 2, 4, 6], "1": [3, 2, 4], "2": [5], "3": [6, 9], "4": [7], "5": [8, 9, 10, 11, 12], "6": [8, 9, 10, 11], "7": [8, 9, 10, 11], "8": [9, 10, 11], "9": [10, 11], "10": [12], "11": [13], "12": [14, 15, 16, 17], "13": [14, 15, 17, 19], "14": [15, 26, 16, 17, 20], "15": [26, 16, 17, 20], "16": [18], "17": [19], "18": [26, 20, 21], "19": [26, 20, 21], "20": [21], "21": [22], "22": [23, 24, 25, 28], "23": [24, 25, 28], "24": [25, 28], "25": [28], "26": [20], "27": [0, 1, 2, 3, 4], "28": []}}