{"nodes": [[0, [20.9, 60.71428571428571], null, false], [1, [20.9, 549.2857142857143], null, false], [2, [272.2411764705882, 60.71428571428571], null, false], [3, [272.2411764705882, 549.2857142857143], null, false], [4, [460.7470588235293, 488.2142857142858], null, false], [5, [900.5941176470586, 488.2142857142858], null, false], [6, [963.4294117647056, 284.64285714285717], null, false], [7, [1089.1, 284.64285714285717], null, false], [8, [366.4941176470587, 284.64285714285717], null, false], [9, [200.0, 50.0], null, false], [10, [1050.0, 80.0], null, false]], "in_neighbors": {"0": [9], "1": [], "2": [0, 9], "3": [1], "4": [8, 3], "5": [4], "6": [5], "7": [6, 5], "8": [3, 2, 9], "9": [], "10": [6, 7]}, "out_neighbors": {"0": [2], "1": [3], "2": [8], "3": [8, 4], "4": [5], "5": [6, 7], "6": [7, 10], "7": [10], "8": [4], "9": [0, 2, 8], "10": []}}