{"nodes": [[0, [37.518181818181816, 251.31399999999982], null, false], [1, [110.96868686868685, 251.31399999999982], null, false], [2, [189.66565656565655, 448.6860000000004], null, false], [3, [310.3343434343434, 448.6860000000004], null, false], [4, [150.3171717171717, 350.0000000000001], null, false], [5, [349.68282828282827, 308.4480000000002], null, false], [6, [80.0, 250.0], null, false], [7, [350.0, 210.0], null, false]], "in_neighbors": {"0": [6], "1": [0, 6], "2": [4, 1], "3": [2], "4": [1], "5": [3], "6": [], "7": [5]}, "out_neighbors": {"0": [1], "1": [4, 2], "2": [3], "3": [5], "4": [2], "5": [7], "6": [0, 1], "7": []}}