{
    "nodes": [
        [
            0,
            [
                20.9,
                60.71428571428571
            ],
            null,
            false
        ],
        [
            1,
            [
                20.9,
                549.2857142857143
            ],
            null,
            false
        ],
        [
            2,
            [
                272.2411764705882,
                60.71428571428571
            ],
            null,
            false
        ],
        [
            3,
            [
                272.2411764705882,
                549.2857142857143
            ],
            null,
            false
        ],
        [
            4,
            [
                335.0764705882352,
                284.64285714285717
            ],
            null,
            false
        ],
        [
            5,
            [
                397.91176470588226,
                284.64285714285717
            ],
            null,
            false
        ],
        [
            6,
            [
                460.7470588235293,
                488.2142857142858
            ],
            null,
            false
        ],
        [
            7,
            [
                900.5941176470586,
                488.2142857142858
            ],
            null,
            false
        ],
        [
            8,
            [
                963.4294117647056,
                284.64285714285717
            ],
            null,
            false
        ],
        [
            9,
            [
                1089.1,
                284.64285714285717
            ],
            null,
            false
        ]
    ],
    "in_neighbors": {
        "0": [],
        "1": [],
        "2": [
            0
        ],
        "3": [
            1
        ],
        "4": [
            3,
            2
        ],
        "5": [
            4
        ],
        "6": [
            5
        ],
        "7": [
            6
        ],
        "8": [
            7
        ],
        "9": [
            8
        ]
    },
    "out_neighbors": {
        "0": [
            2
        ],
        "1": [
            3
        ],
        "2": [
            4
        ],
        "3": [
            4
        ],
        "4": [
            5
        ],
        "5": [
            6
        ],
        "6": [
            7
        ],
        "7": [
            8
        ],
        "8": [
            9
        ],
        "9": []
    },
    "start_pose": [
        200.0,
        50.0,
        1.2560000000000002
    ],
    "goal_pose": [
        1050.0,
        80.0,
        3.14159265
    ]
}