{"nodes": [[0, [80.29593103632257, 201.10499999999982], null, false], [1, [88.22750416208675, 368.13849240197817], null, false], [2, [207.2011010485497, 210.70462600011388], null, false], [3, [207.2011010485497, 368.13849240197817], null, false], [4, [278.5852591804275, 201.10499999999982], null, false], [5, [286.5168323061917, 126.22791719911305], null, false], [6, [286.5168323061917, 377.73811840209186], null, false], [7, [357.90099043806947, 126.22791719911305], null, false], [8, [357.90099043806947, 377.73811840209186], null, false], [9, [365.8325635638337, 76.3098619985218], null, false], [10, [365.8325635638337, 377.73811840209186], null, false], [11, [373.7641366895979, 201.10499999999982], null, false], [12, [397.5588560668904, 201.10499999999982], null, false], [13, [405.49042919265463, 24.47188159790781], null, false], [14, [405.49042919265463, 358.53886640186454], null, false], [15, [532.3955992048818, 24.47188159790781], null, false], [16, [532.3955992048818, 358.53886640186454], null, false], [17, [540.327172330646, 201.10499999999982], null, false], [18, [579.985037959467, 201.10499999999982], null, false], [19, [587.9166110852312, 16.79218079781684], null, false], [20, [587.9166110852312, 270.2223072008189], null, false], [21, [659.300769217109, 16.79218079781684], null, false], [22, [659.300769217109, 270.2223072008189], null, false], [23, [667.2323423428732, 201.10499999999982], null, false], [24, [778.2743661035719, 201.10499999999982], null, false], [25, [50.0, 100.0], null, false], [26, [750.0, 120.0], null, false]], "in_neighbors": {"0": [25], "1": [0, 25], "2": [0], "3": [1], "4": [0], "5": [4, 2, 3], "6": [4], "7": [5], "8": [6], "9": [7, 8], "10": [7, 8], "11": [10], "12": [7], "13": [12], "14": [12, 9, 11], "15": [13], "16": [14], "17": [15], "18": [11, 12], "19": [18], "20": [18, 16, 17], "21": [19], "22": [20], "23": [21, 22], "24": [23], "25": [], "26": [22, 23]}, "out_neighbors": {"0": [1, 2, 4], "1": [3], "2": [5], "3": [5], "4": [5, 6], "5": [7], "6": [8], "7": [10, 9, 12], "8": [10, 9], "9": [14], "10": [11], "11": [14, 18], "12": [13, 14, 18], "13": [15], "14": [16], "15": [17], "16": [20], "17": [20], "18": [19, 20], "19": [21], "20": [22], "21": [23], "22": [23, 26], "23": [24, 26], "24": [], "25": [0, 1], "26": []}}