{
    "nodes": [
        [
            0,
            [
                11.0,
                10.0
            ],
            null,
            false
        ],
        [
            1,
            [
                11.0,
                512.6666666666667
            ],
            null,
            false
        ],
        [
            2,
            [
                264.6470588235294,
                10.0
            ],
            null,
            false
        ],
        [
            3,
            [
                264.6470588235294,
                512.6666666666667
            ],
            null,
            false
        ],
        [
            4,
            [
                328.05882352941177,
                280.6666666666667
            ],
            null,
            false
        ],
        [
            5,
            [
                391.47058823529414,
                106.66666666666666
            ],
            null,
            false
        ],
        [
            6,
            [
                835.3529411764706,
                106.66666666666666
            ],
            null,
            false
        ],
        [
            7,
            [
                898.7647058823529,
                280.6666666666667
            ],
            null,
            false
        ],
        [
            8,
            [
                1089.0,
                280.6666666666667
            ],
            null,
            false
        ],
        [
            9,
            [
                150.0,
                540.0
            ],
            null,
            false
        ],
        [
            10,
            [
                980.0,
                520.0
            ],
            null,
            false
        ]
    ],
    "in_neighbors": {
        "0": [],
        "1": [
            9
        ],
        "2": [
            0
        ],
        "3": [
            1,
            9
        ],
        "4": [
            3,
            2
        ],
        "5": [
            4,
            2
        ],
        "6": [
            5
        ],
        "7": [
            6
        ],
        "8": [
            7
        ],
        "9": [],
        "10": [
            7,
            8
        ]
    },
    "out_neighbors": {
        "0": [
            2
        ],
        "1": [
            3
        ],
        "2": [
            4,
            5
        ],
        "3": [
            4
        ],
        "4": [
            5
        ],
        "5": [
            6
        ],
        "6": [
            7
        ],
        "7": [
            8,
            10
        ],
        "8": [
            10
        ],
        "9": [
            1,
            3
        ],
        "10": []
    },
    "coordinate_frame": "world_pixel",
    "data_coordinate_frame": "world_pixel",
    "coordinate_frames": {
        "camera_pixel_frame": {
            "name": "Camera Pixel Frame",
            "units": "pixels"
        },
        "world_pixel_frame": {
            "name": "World Pixel Frame",
            "units": "pixels"
        },
        "world_frame": {
            "name": "World Frame",
            "units": "meters"
        }
    },
    "start_pose": [
        150.0,
        500.0,
        1.2560000000000002
    ],
    "goal_pose": [
        980.0,
        520.0,
        3.14159265
    ],
    "rebuild_info": {
        "rebuilt_from": "Graph_experi.json",
        "case": "experi",
        "N": 3,
        "arc_range": [
            50,
            700
        ],
        "original_nodes": 11,
        "rebuilt_nodes": 11
    }
}