{"Initial_guess_phi": [1.2566370614359172, 0.7407921654025501, 1.4102481570499021, 0.05043597265722915, -1.029114696748803, -1.3119536195151598], "Intial_f": 0.40358321051550866}