{"length_max": [451.93522391728226, 352.3802219793394, 690.9101443515386, 334.655570327451, 349.0320951412926], "length_min": [287.71089937511215, 224.33221670332483, 439.8470588235293, 213.048353003405, 222.2007329578297], "curvature_max": 0.03333333333333333, "curvature_min": 0, "al": [0.006089231925829699, 0.00780957108894, 0.003983062654937526, 0.008223196139216854, 0.007884485215521769], "ac": 30.0}