{"length_max": [185.1345855688769, 377.7921977900743, 290.9030484574569, 697.2487695290758, 290.90304845745686, 397.0096200257766], "length_min": [117.86033772222493, 240.50998295936537, 185.19463249002172, 443.88235294117646, 185.1946324900217, 252.74417392854986], "curvature_max": 0.007666712666942669, "curvature_min": 0, "al": [0.01486452888004703, 0.007284264762432345, 0.009459984721633351, 0.003946852994438093, 0.009459984721633353, 0.006931666778516434], "ac": 130.434}