{"Length_max": 1884.960283284989, "Length_min": 1387.139260863201, "Curvature_max": 12.86904176771019, "Curvature_min": 1.0157262993289442, "theta_l": 0.0020087540601142623, "theta_c": 0.0843645815947026}