{"Length_max": 1903.31154996157, "Length_min": 1425.3861125313601, "Curvature_max": 13.136198092873066, "Curvature_min": 1.8722252339723986, "theta_l": 0.0020923765961840587, "theta_c": 0.08877862300687372}