{"length_max": [105.41017405796865, 422.1200920084303, 311.49079996740943, 697.2487695290758, 290.9030484574569, 490.0114606738834], "length_min": [67.10620101401113, 268.7299968861894, 198.301202169848, 443.88235294117646, 185.19463249002172, 311.9509845517137], "curvature_max": 0.007666712666942669, "curvature_min": 0, "al": [0.026106952374167644, 0.006519325770044486, 0.008834734105058762, 0.003946852994438093, 0.009459984721633351, 0.00561606944886459], "ac": 130.434}