{"Length_max": 1918.6026825397576, "Length_min": 1524.1106580293358, "Curvature_max": 12.713813532577975, "Curvature_min": 2.103988833531019, "theta_l": 0.002534905493313926, "theta_c": 0.09425226413871161}