{"Optimization_phi": [1.2566370614359172, 0.9296580437988867, 1.151426761193099, 0.029362899467450253, -1.2446388147180503, -1.1689109408715774], "Optimization_l": [245.7344186923073, 195.619667655175, 383.07179625786233, 174.8255555875765, 212.33231007492654], "Optimization_r": [130.43465667898147, -130.43466676339725, -130.43465513892707, -130.4346581534893, -130.4347531646931], "Optimizationf": 872.8694666560027}