{"Initial_guess_phi": [0.0, -0.2522544810183981, -1.5940810801801029, -0.9198184352308043, -0.15222215562672647, 1.2042950472597724, 1.3100540804694836], "Optimization_l": [27.308398716833384, 121.87629778633978, 111.11341669752599, 280.2584459158428, 155.8540605652747, 166.6135918472328], "Optimization_r": [353.39442934467354, 130.58241606934033, -136.05178125951173, 220.25442713640203, 137.85415522391634, -1375.8991562348683], "Optimizationf": -28703.39092460487, "coordinate_frame": "World Pixel Frame", "units": "pixels"}