{"Optimization_phi": [1.2566370614359172, 0.9349032934059253, 1.1619128553609768, 0.34296356197459715, -1.3071071254770443, -1.1384284053537501], "Optimization_l": [254.36943634356226, 175.60995698576798, 39.48096535025111, 21.180092514154556, 137.55963641006522], "Optimization_r": [105.27987808215948, -216.1763351983842, -548.6916311222083, 2421.129550993408, -503.4916606175779], "Optimizationf": 9.367310845624548e-06}