{"Initial_guess_phi": [1.0045690440229893, 0.9436561808905591, 1.159927911669837, 0.3436104911520961, -1.3076529460298316, -1.1383084986017022], "Optimization_l": [193.03225127545997, 177.2851312641637, 40.14821202979628, 21.13407931316203, 137.5789020812045], "Optimization_r": [1555.0534550035202, -218.971737201414, -546.0394181728149, 2385.8377700507735, -501.41177335996593], "Optimizationf": -5131.765451705722}