{"Initial_guess_phi": [0.0, -0.4439550753491549, -1.6775570466774246, -1.0832814268289663, -0.06434752981006786, 1.0795020239982573, 1.2761816029230817], "Optimization_l": [6.459386362512168, 100.14071385348431, 100.21093411099554, 342.15988589617234, 62.58452199427151, 169.09213034716507], "Optimization_r": [253.34150370396497, 131.16786664424757, -148.63511354567, 192.27311751146541, 291.6028933661105, -427.3884869022107], "Optimizationf": -26187.818544268146, "coordinate_frame": "World Pixel Frame", "units": "pixels"}