{"time_segments": [{"arc": [1.7080427507166955, 0.7074944364599276, 0.5834828494643697, 0.5834819702211184], "line": [0.41607156617033914, 0.3951973160842702, 0.38940598520159614, 0.38940595683724205, 0.3894059568371658, 0.38940595683716583, 0.38940595683716583, 0.38940595683716583, 0.38940595683716583, 0.38940595683716583, 0.38940595683716583, 0.38940595683716583, 0.38940595683716583, 0.38940595683716583, 0.38940595683716583, 0.38940595683716583, 0.38940595683716583, 0.38940595683716583, 0.38940595683716583, 0.38940595683716583, 0.38940595683716583, 0.38940595683716583, 0.38940595683716583, 0.38940595683716583, 0.3894059568372833, 0.3894060005392104, 0.3965799477906107, 0.4195030276006477]}, {"arc": [0.5276508046267167, 0.5276508237529891, 0.5276508046746711], "line": [0.4247566475318731, 0.40143103321987933, 0.3945340647757444, 0.3945340289574176, 0.3945340289573262, 0.39453402895732625, 0.3945340289573262, 0.3945340289573262, 0.3945340289573262, 0.3945340289573262, 0.3945340289573262, 0.3945340289573262, 0.39453402895732625, 0.3945340289580132, 0.3945342994954975, 0.4065594699809946, 0.43801360664453853, 0.5149898414931318, 0.6618060657961871, 0.8504775257531502, 1.0929365357893914, 1.404517157489395]}, {"arc": [1.633755602691671, 0.9302735988477813, 0.7768327298282036, 0.69361699464322, 0.6392797554649526, 0.6003353707274477], "line": [0.5119332972522938, 0.49481408645527947, 0.48058379745370183, 0.46860014978004905, 0.45841220161977153, 0.44969318843641076, 0.4422002470002165, 0.4357491569984803, 0.4301979038516585, 0.4254356470875186, 0.421375123898504, 0.41794730662009427, 0.4150975823719454, 0.412782988848388, 0.41097020268725154, 0.40963407928800055, 0.4087566095876159, 0.40832620414138854, 0.4083372463020618, 0.40878987960945984, 0.4096900131919249, 0.41104954558783346, 0.4128868240543409, 0.41522737528567216, 0.41810496709534994, 0.4215630925896607, 0.4256570140567304, 0.43045657183293506, 0.4360500681689477, 0.44254970249249553, 0.4500993070806353, 0.4588855940932222, 0.46915493747473974, 0.48123920485304134, 0.49559703218846524, 0.5128828218739546, 0.5340686803000863, 0.5606755447193041, 0.5952530783730269, 0.6425080344875755, 0.7124886926612547, 0.8327904095310608, 1.0758222133808806, 1.389779778226259]}, {"arc": [1.627297671544485, 0.9513016774817451, 0.7946618403769673, 0.7094695766677361], "line": [0.5945210809016545, 0.5637255321055, 0.539574640074258, 0.5200906810081031, 0.5040468136608334, 0.49063577349858944, 0.4793018645727111, 0.4696487721141523, 0.46138575868474085, 0.45429466446143507, 0.44820882709413185, 0.4429991539551192, 0.4385646585115681, 0.43482588010952744, 0.43172022416754546, 0.42919861828833417, 0.4272230953896005, 0.42576504892717104, 0.4248039912587959, 0.4243267033152453]}, {"arc": [], "line": [0.43648536934370624, 0.43703748585464347, 0.4381501570939024, 0.43984063430042264, 0.4421357649046079, 0.4450732562853104, 0.44870354238098753, 0.4530924459205979, 0.45832493441081573, 0.46451043266222336, 0.47179042180753433, 0.48034950437828494, 0.4904319012415778, 0.5023667810147407, 0.5166085726293272, 0.5338039959626627, 0.5549097009352328, 0.5814132335957004, 0.6157863005545132, 0.6625324807066892, 0.7310676296698804, 0.846245502830674, 1.088841604238673, 1.4009888425648087]}], "total_time": 82.31927439877236}