{
  "safe_corridor": [
    [
      -0.2384128612963907,
      -102.80275737700482,
      56.54151655735266
    ],
    [
      -3.658627087198515,
      -22.75697426888243,
      108.09562777719151
    ],
    [
      -2.743970315398886,
      -55.4896718870844,
      94.91654401738123
    ],
    [
      0.0,
      -100.0,
      100.0
    ],
    [
      2.743970315398889,
      -210.2766513615831,
      55.48967188708445
    ],
    [
      2.946174269852763,
      -122.89479565026878,
      65.33647363685172
    ]
  ],
  "corridor_details": [
    {
      "segment_id": 0,
      "start_pos": [
        150.0,
        540.0
      ],
      "end_pos": [
        264.6470588235294,
        512.6666666666667
      ],
      "distance": 117.86033772222493,
      "angle": -0.23404374267925107,
      "slope": -0.2384128612963907,
      "y_min": -102.80275737700482,
      "y_max": 56.54151655735266,
      "corridor_bounds": [
        [
          126.15871387036093,
          440.0
        ],
        [
          240.80577269389033,
          412.66666666666674
        ],
        [
          277.7597661948309,
          567.6666666666667
        ],
        [
          163.1127073713015,
          595.0
        ],
        [
          126.15871387036093,
          440.0
        ]
      ],
      "waypoint_flag": 0
    },
    {
      "segment_id": 1,
      "start_pos": [
        264.6470588235294,
        512.6666666666667
      ],
      "end_pos": [
        328.05882352941177,
        280.6666666666667
      ],
      "distance": 240.50998295936537,
      "angle": -1.3039865532176944,
      "slope": -3.658627087198515,
      "y_min": -22.75697426888243,
      "y_max": 108.09562777719151,
      "corridor_bounds": [
        [
          242.6952963003383,
          506.66666666666674
        ],
        [
          306.10706100622065,
          274.6666666666667
        ],
        [
          432.32969551456944,
          309.1666666666667
        ],
        [
          368.91793080868706,
          541.1666666666667
        ],
        [
          242.6952963003383,
          506.66666666666674
        ]
      ],
      "waypoint_flag": 0
    },
    {
      "segment_id": 2,
      "start_pos": [
        328.05882352941177,
        280.6666666666667
      ],
      "end_pos": [
        391.47058823529414,
        106.66666666666666
      ],
      "distance": 185.19463249002172,
      "angle": -1.2213197602344477,
      "slope": -2.743970315398886,
      "y_min": -55.4896718870844,
      "y_max": 94.91654401738123,
      "corridor_bounds": [
        [
          275.92338753683293,
          261.6666666666667
        ],
        [
          339.3351522427153,
          87.66666666666666
        ],
        [
          480.64962348575796,
          139.16666666666666
        ],
        [
          417.2378587798756,
          313.1666666666667
        ],
        [
          275.92338753683293,
          261.6666666666667
        ]
      ],
      "waypoint_flag": 0
    },
    {
      "segment_id": 3,
      "start_pos": [
        391.47058823529414,
        106.66666666666666
      ],
      "end_pos": [
        835.3529411764706,
        106.66666666666666
      ],
      "distance": 443.88235294117646,
      "angle": 0.0,
      "slope": 0.0,
      "y_min": -100.0,
      "y_max": 100.0,
      "corridor_bounds": [
        [
          391.47058823529414,
          6.666666666666657
        ],
        [
          835.3529411764706,
          6.666666666666657
        ],
        [
          835.3529411764706,
          206.66666666666666
        ],
        [
          391.47058823529414,
          206.66666666666666
        ],
        [
          391.47058823529414,
          6.666666666666657
        ]
      ],
      "waypoint_flag": 1
    },
    {
      "segment_id": 4,
      "start_pos": [
        835.3529411764706,
        106.66666666666666
      ],
      "end_pos": [
        898.7647058823529,
        280.6666666666667
      ],
      "distance": 185.1946324900217,
      "angle": 1.221319760234448,
      "slope": 2.743970315398889,
      "y_min": -210.2766513615831,
      "y_max": 55.48967188708445,
      "corridor_bounds": [
        [
          1032.9188038851905,
          34.66666666666666
        ],
        [
          1096.330568591073,
          208.66666666666669
        ],
        [
          846.629269889774,
          299.6666666666667
        ],
        [
          783.2175051838917,
          125.66666666666666
        ],
        [
          1032.9188038851905,
          34.66666666666666
        ]
      ],
      "waypoint_flag": 1
    },
    {
      "segment_id": 5,
      "start_pos": [
        898.7647058823529,
        280.6666666666667
      ],
      "end_pos": [
        980.0,
        520.0
      ],
      "distance": 252.74417392854986,
      "angle": 1.2435749111540528,
      "slope": 2.946174269852763,
      "y_min": -122.89479565026878,
      "y_max": 65.33647363685172,
      "corridor_bounds": [
        [
          1015.138589541537,
          241.16666666666669
        ],
        [
          1096.3738836591842,
          480.5
        ],
        [
          918.130340333092,
          541.0
        ],
        [
          836.895046215445,
          301.6666666666667
        ],
        [
          1015.138589541537,
          241.16666666666669
        ]
      ],
      "waypoint_flag": 0
    }
  ]
}