{
  "safe_corridor": [
    [
      1.409316199628524,
      -60.48190542968903,
      24.192762171875618
    ],
    [
      2.159841656190655,
      -86.87395647782131,
      111.86509464267397
    ],
    [
      0.0,
      -100.0,
      100.0
    ],
    [
      -3.2397624842859862,
      -40.687009935119555,
      139.01395061165846
    ],
    [
      -2.3638843320164167,
      -69.30090128942273,
      50.050650931249756
    ]
  ],
  "corridor_details": [
    {
      "segment_id": 0,
      "start_pos": [
        200.0,
        50.0
      ],
      "end_pos": [
        366.4941176470587,
        284.64285714285717
      ],
      "distance": 287.71089937511215,
      "angle": 0.9536803878682676,
      "slope": 1.409316199628524,
      "y_min": -60.48190542968903,
      "y_max": 24.192762171875618,
      "corridor_bounds": [
        [
          249.32606698699834,
          15.0
        ],
        [
          415.82018463405706,
          249.64285714285717
        ],
        [
          346.7636908522594,
          298.64285714285717
        ],
        [
          180.26957320520066,
          64.0
        ],
        [
          249.32606698699834,
          15.0
        ]
      ],
      "waypoint_flag": 0
    },
    {
      "segment_id": 1,
      "start_pos": [
        366.4941176470587,
        284.64285714285717
      ],
      "end_pos": [
        460.7470588235293,
        488.2142857142858
      ],
      "distance": 224.33221670332483,
      "angle": 1.1371868928698174,
      "slope": 2.159841656190655,
      "y_min": -86.87395647782131,
      "y_max": 111.86509464267397,
      "corridor_bounds": [
        [
          445.32833809801764,
          248.14285714285717
        ],
        [
          539.5812792744882,
          451.7142857142858
        ],
        [
          359.23450098256853,
          535.2142857142858
        ],
        [
          264.98155980609795,
          331.64285714285717
        ],
        [
          445.32833809801764,
          248.14285714285717
        ]
      ],
      "waypoint_flag": 0
    },
    {
      "segment_id": 2,
      "start_pos": [
        460.7470588235293,
        488.2142857142858
      ],
      "end_pos": [
        900.5941176470586,
        488.2142857142858
      ],
      "distance": 439.8470588235293,
      "angle": 0.0,
      "slope": 0.0,
      "y_min": -100.0,
      "y_max": 100.0,
      "corridor_bounds": [
        [
          460.7470588235293,
          388.2142857142858
        ],
        [
          900.5941176470586,
          388.2142857142858
        ],
        [
          900.5941176470586,
          588.2142857142858
        ],
        [
          460.7470588235293,
          588.2142857142858
        ],
        [
          460.7470588235293,
          388.2142857142858
        ]
      ],
      "waypoint_flag": -1
    },
    {
      "segment_id": 3,
      "start_pos": [
        900.5941176470586,
        488.2142857142858
      ],
      "end_pos": [
        963.4294117647056,
        284.64285714285717
      ],
      "distance": 213.048353003405,
      "angle": -1.2714094335032424,
      "slope": -3.2397624842859862,
      "y_min": -40.687009935119555,
      "y_max": 139.01395061165846,
      "corridor_bounds": [
        [
          861.7169678356267,
          476.2142857142858
        ],
        [
          924.5522619532737,
          272.64285714285717
        ],
        [
          1096.259673620431,
          325.64285714285717
        ],
        [
          1033.4243795027842,
          529.2142857142858
        ],
        [
          861.7169678356267,
          476.2142857142858
        ]
      ],
      "waypoint_flag": -1
    },
    {
      "segment_id": 4,
      "start_pos": [
        963.4294117647056,
        284.64285714285717
      ],
      "end_pos": [
        1050.0,
        80.0
      ],
      "distance": 222.2007329578297,
      "angle": -1.1705933128027883,
      "slope": -2.3638843320164167,
      "y_min": -69.30090128942273,
      "y_max": 50.050650931249756,
      "corridor_bounds": [
        [
          899.6045348002624,
          257.64285714285717
        ],
        [
          986.1751230355568,
          53.0
        ],
        [
          1096.09574447432,
          99.5
        ],
        [
          1009.5251562390257,
          304.14285714285717
        ],
        [
          899.6045348002624,
          257.64285714285717
        ]
      ],
      "waypoint_flag": 0
    }
  ]
}