{"Node": [0], "Radius": [1.0170235453387007], "Length": [0.2943915521253054], "ArcVelocity": [0.02903901105665408], "Velocity": [0.14537211085210966], "Angular Velocity": [0.07607601514833472], "ArcAngular Velocity": [0.00540632451346636], "Theta": [-0.3682129676840703]}