{"Node": [0], "Radius": [1.0170428712713966], "Length": [0.2943801204665951], "ArcVelocity": [0.01622511765656321], "Velocity": [0.07902512279487404], "Angular Velocity": [0.029309860054951824], "ArcAngular Velocity": [0.0013280788938173729], "Theta": [-0.3682173680060693]}