{"Node": [1, 2], "Radius": [-0.6957829538670026, 5.485729917446439], "Length": [0.6878754802612701, 0.00016308070409807294], "ArcVelocity": [0.10830490023636984, 0.014928379875902197], "Velocity": [0.08293805562572204, 0.08189306010424204], "Angular Velocity": [0.05183596856182288, 0.0], "ArcAngular Velocity": [0.06769055946502966, 0.0], "Theta": [0.8888536908705436, -0.2759544291462649]}