{"Node": [1, 2], "Radius": [-0.6957566219242712, 5.48642460327238], "Length": [0.6879101028213417, 0.0006289958895230596], "ArcVelocity": [0.19993008936074982, 0.02770322201610535], "Velocity": [0.1548361771676042, 0.15199163885907746], "Angular Velocity": [0.021487143061499382, 0.0], "ArcAngular Velocity": [0.10305950434467494, 1.8583665991083542e-57], "Theta": [0.8888316838930079, -0.27583434228651504]}