{"Node": [1, 2], "Radius": [-0.6957566219242712, 5.48642460327238], "Length": [0.6879101028213417, 0.0006289958895230596], "ArcVelocity": [0.2030786704186592, 0.027987212740463643], "Velocity": [0.155508845280855, 0.15354973255629795], "Angular Velocity": [0.08293775267661793, 0.0], "ArcAngular Velocity": [0.10830862172951387, 0.0], "Theta": [0.8888316838930079, -0.27583434228651504]}