{"Node": [3, 4], "Radius": [0.9064029598287894, 1.3665574588835925], "Length": [0.00012397768928658305, 0.7147526139812532], "ArcVelocity": [0.15926706911821206, 0.10563782121546882], "Velocity": [0.1443601428520038, 0.15550884556823452], "Angular Velocity": [0.0, 0.0829380544878828], "ArcAngular Velocity": [0.08494243536884889, 0.0], "Theta": [0.6354103477416504, -0.8100201350399716]}