{"Node": [3, 4], "Radius": [0.9065868899829386, 1.3663267633161578], "Length": [0.0001032808294346698, 0.7148309879275834], "ArcVelocity": [0.08492643876825519, 0.05635050691978523], "Velocity": [0.07699319600023893, 0.08293805550971965], "Angular Velocity": [0.0, 0.05183628551866123], "ArcAngular Velocity": [0.05307902097799942, 0.0], "Theta": [0.6355924566411986, -0.8101097959204777]}