{"Node": [3, 4], "Radius": [0.9064029598287894, 1.3665574588835925], "Length": [0.00012397768928658305, 0.7147526139812532], "ArcVelocity": [0.15926706884227124, 0.10563782073349942], "Velocity": [0.1443601426018902, 0.15550884459650038], "Angular Velocity": [0.0, 0.08293805254693198], "ArcAngular Velocity": [0.08494243337077174, 0.0], "Theta": [0.6354103477416504, -0.8100201350399716]}