{"Node": [5], "Radius": [-2.8242839992555773], "Length": [0.00017785457787774896], "ArcVelocity": [0.024702982099047918], "Velocity": [0.06976823707623798], "Angular Velocity": [0.0], "ArcAngular Velocity": [0.0012520702999537176], "Theta": [0.2436913195837922]}