{"Node": [5], "Radius": [-2.8242839992555773], "Length": [0.00017785457787774896], "ArcVelocity": [0.02611293876687583], "Velocity": [0.07375035513282807], "Angular Velocity": [0.0], "ArcAngular Velocity": [0.001399076455158413], "Theta": [0.2436913195837922]}