{"Node": [5], "Radius": [-2.8240528105559717], "Length": [0.00010930025238147242], "ArcVelocity": [0.014112790411344138], "Velocity": [0.03985526542594378], "Angular Velocity": [0.0], "ArcAngular Velocity": [0.0004085796661073724], "Theta": [0.24373564388184055]}