{"Node": [6, 7], "Radius": [-908.6661451486024, 0.8434282316957379], "Length": [0.30171945644698195, 0.5567566343281297], "ArcVelocity": [8.116332413943876e-05, 0.17024746134946808], "Velocity": [0.15550884380496097, 0.1555088452587671], "Angular Velocity": [0.082938050533256, 0.08293805450523592], "ArcAngular Velocity": [9.126746420083952e-05, 3.75e-322], "Theta": [-1.5703919402687916, -1.3403634255713945]}