{"Node": [6, 7], "Radius": [-986.2594955685845, 0.8434579068481247], "Length": [0.32532184502646455, 0.5567238771037298], "ArcVelocity": [4.041053628750261e-05, 0.09079569612650451], "Velocity": [0.08293805441168274, 0.08293805515043277], "Angular Velocity": [0.051836273935298674, 0.05183628471415691], "ArcAngular Velocity": [5.2554720290765575e-05, 0.0], "Theta": [-1.5704476863447132, -1.3403514559805376]}