{
  "robot_id": 0,
  "waypoints": [
    6,
    1,
    2
  ],
  "phi": [
    0.3141592653589793,
    -0.007146590152318619,
    1.2953355605194106
  ],
  "r0": [
    0.2999999970005229,
    -0.29999999700004887
  ],
  "l": [
    0.21484329893033038,
    1.8240931265900684
  ],
  "phi_new": [
    0.3141592653589793,
    -0.007146590152318619
  ],
  "time_segments": [
    {
      "arc": [
        1.693161295376453,
        0.7013304498109291,
        0.574729988437334,
        0.5733589559382981
      ],
      "line": [
        0.44174207786106995,
        0.41872274404958465,
        0.41446535537304496,
        0.41446527403059075,
        0.41446527402942945,
        0.41446527402942945,
        0.41446527403158,
        0.41446542466690967,
        0.4209533593832473,
        0.4473933231791299
      ]
    },
    {
      "arc": [
        0.4893122994594721,
        0.4893124354867081,
        0.4893124354873653,
        0.48931243548736536,
        0.48931243548736536,
        0.48931243548736536,
        0.48931243548736536,
        0.48931243548736536,
        0.48931243548736536,
        0.48931243548736536,
        0.48931243548736536,
        0.48931243548736536,
        0.48931243548736536,
        0.48931243548736536,
        0.48931243548736536,
        0.48931243548736536,
        0.4893124354873653,
        0.4893124354867,
        0.4893122977659343
      ],
      "line": [
        0.4189803874888172,
        0.39483893424352806,
        0.38669846959665066,
        0.3866980377304542,
        0.3866980377223174,
        0.38669803772231726,
        0.38669803772231726,
        0.38669803772231726,
        0.38669803772231726,
        0.38669803772231726,
        0.38669803772231726,
        0.38669803772231726,
        0.38669803772231726,
        0.38669803772231726,
        0.38669803772231726,
        0.38669803772231726,
        0.38669803772231726,
        0.38669803772231726,
        0.38669803772231726,
        0.38669803772231726,
        0.38669803772231726,
        0.38669803772231726,
        0.38669803772231726,
        0.38669803772231726,
        0.38669803772231726,
        0.38669803772231726,
        0.38669803772231726,
        0.38669803772231726,
        0.38669803772231726,
        0.38669803772231726,
        0.38669803772231726,
        0.38669803772231726,
        0.38669803772231726,
        0.38669803772231726,
        0.38669803772231726,
        0.38669803772231726,
        0.38669803772231726,
        0.38669803772231726,
        0.38669803772231726,
        0.38669803772231726,
        0.38669803772231726,
        0.38669803772231726,
        0.38669803772231726,
        0.38669803772231726,
        0.38669803772231726,
        0.38669803772231726,
        0.38669803772231726,
        0.38669803772231726,
        0.38669803772231726,
        0.38669803772231726,
        0.38669803772231726,
        0.38669803772231726,
        0.38669803772231726,
        0.38669803772231726,
        0.38669803772231726,
        0.38669803772231726,
        0.38669803772231726,
        0.38669803772231726,
        0.38669803772231726,
        0.38669803772231726,
        0.38669803772231726,
        0.38669803772231726,
        0.38669803772231726,
        0.38669803772231726,
        0.38669803772231726,
        0.38669803772231726,
        0.38669803772231726,
        0.38669803772231726,
        0.38669803772231726,
        0.38669803772231726,
        0.38669803772231726,
        0.38669803772231726,
        0.38669803772231726,
        0.38669803772231726,
        0.38669803772231726,
        0.38669803772231726,
        0.38669803772231726,
        0.38669803772231726,
        0.38669803772231726,
        0.38669803772231726,
        0.3866980377223173,
        0.38669803772231853,
        0.3866980377882793,
        0.3867015381527694,
        0.3985293352221067,
        0.42850923109058586,
        0.4998036954290587,
        0.6454939812459246,
        0.8336525399631319,
        1.076658541342832,
        1.390499757909325
      ]
    }
  ],
  "Flagb": [
    0,
    0,
    -1
  ],
  "waypoint_positions": [
    [
      80.0,
      250.0
    ],
    [
      110.96868686868685,
      251.31399999999982
    ],
    [
      189.66565656565655,
      448.6860000000004
    ]
  ],
  "total_time": 54.85132950025058,
  "metadata": {
    "robot_id": 0,
    "total_waypoints": 3,
    "total_segments": 2,
    "start_waypoint_idx": 0,
    "end_waypoint_idx": 2,
    "save_timestamp": "2025-06-11T14:05:00",
    "case": "simple_maze",
    "N": 3
  }
}