{
  "robot_id": 0,
  "waypoints": [
    6,
    1,
    2
  ],
  "phi": [
    0.3141592653589793,
    -0.007146590152318619,
    1.2953355605194106
  ],
  "r0": [
    0.2999999970005229,
    -0.29999999700004887
  ],
  "l": [
    0.21484329893033038,
    1.8240931265900684
  ],
  "phi_new": [
    0.3141592653589793,
    -0.007146590152318619
  ],
  "time_segments": [
    {
      "arc": [
        1.6931612950579975,
        0.7013304494250313,
        0.5746771599158245,
        0.5733589558128562
      ],
      "line": [
        0.4417116758978972,
        0.41869935558976146,
        0.4144653541906207,
        0.41446527371213854,
        0.4144652737109928,
        0.4144652737121234,
        0.41446535312977445,
        0.4186574085161139,
        0.44160673885727103,
        0.5002820601124216
      ]
    },
    {
      "arc": [
        0.4893122761081839,
        0.48931243516815615,
        0.48931243516892253,
        0.48931243516892253,
        0.4893124351689226,
        0.4893124351689226,
        0.48931243516892253,
        0.48931243516892253,
        0.48931243516892253,
        0.4893124351689226,
        0.4893124351689226,
        0.4893124351689226,
        0.48931243516892253,
        0.4893124351689226,
        0.48931243516892253,
        0.48931243516892253,
        0.48931243516892253,
        0.4893124351682601,
        0.4893122976907883
      ],
      "line": [
        0.4189563416279591,
        0.39482025170883106,
        0.3866984641599595,
        0.3866980374118985,
        0.38669803740388076,
        0.3866980374038806,
        0.38669803740388065,
        0.38669803740388065,
        0.38669803740388065,
        0.38669803740388065,
        0.38669803740388065,
        0.38669803740388065,
        0.38669803740388065,
        0.38669803740388065,
        0.38669803740388065,
        0.38669803740388065,
        0.38669803740388065,
        0.38669803740388065,
        0.38669803740388065,
        0.38669803740388065,
        0.38669803740388065,
        0.38669803740388065,
        0.38669803740388065,
        0.38669803740388065,
        0.38669803740388065,
        0.38669803740388065,
        0.38669803740388065,
        0.38669803740388065,
        0.38669803740388065,
        0.38669803740388065,
        0.38669803740388065,
        0.38669803740388065,
        0.38669803740388065,
        0.38669803740388065,
        0.38669803740388065,
        0.38669803740388065,
        0.38669803740388065,
        0.38669803740388065,
        0.38669803740388065,
        0.38669803740388065,
        0.38669803740388065,
        0.38669803740388065,
        0.38669803740388065,
        0.38669803740388065,
        0.38669803740388065,
        0.38669803740388065,
        0.38669803740388065,
        0.38669803740388065,
        0.38669803740388065,
        0.38669803740388065,
        0.38669803740388065,
        0.38669803740388065,
        0.38669803740388065,
        0.38669803740388065,
        0.38669803740388065,
        0.38669803740388065,
        0.38669803740388065,
        0.38669803740388065,
        0.38669803740388065,
        0.38669803740388065,
        0.38669803740388065,
        0.38669803740388065,
        0.38669803740388065,
        0.38669803740388065,
        0.38669803740388065,
        0.38669803740388065,
        0.38669803740388065,
        0.38669803740388065,
        0.38669803740388065,
        0.38669803740388065,
        0.38669803740388065,
        0.38669803740388065,
        0.38669803740388065,
        0.38669803740388065,
        0.38669803740388065,
        0.38669803740388065,
        0.38669803740388065,
        0.38669803740388065,
        0.38669803740388065,
        0.38669803740388065,
        0.38669803740388065,
        0.38669803740388176,
        0.38669803746647813,
        0.38670136865348015,
        0.39850941694391157,
        0.4284824623000126,
        0.4998036945228068,
        0.6454939808678878,
        0.8336525397010975,
        1.0766585411648146,
        1.390499757815107
      ]
    }
  ],
  "Flagb": [
    0,
    0,
    -1
  ],
  "waypoint_positions": [
    [
      80.0,
      250.0
    ],
    [
      110.96868686868685,
      251.31399999999982
    ],
    [
      189.66565656565655,
      448.6860000000004
    ]
  ],
  "total_time": 54.92886741115702,
  "metadata": {
    "robot_id": 0,
    "total_waypoints": 3,
    "total_segments": 2,
    "start_waypoint_idx": 0,
    "end_waypoint_idx": 2,
    "save_timestamp": "2025-06-10T13:24:50",
    "case": "simple_maze",
    "N": 3
  }
}