{
  "robot_id": 1,
  "waypoints": [
    2,
    3
  ],
  "phi": [
    1.2953355605194106,
    0.23371583747081937
  ],
  "r0": [
    -2.203018720113881
  ],
  "l": [
    0.09999999900004371
  ],
  "phi_new": [
    -0.275460766275486
  ],
  "time_segments": [
    {
      "arc": [
        1.4140678930721364,
        1.314882655130542,
        1.2390311350882668,
        1.1784123528258386,
        1.1285391823534634,
        1.0866002740866678,
        1.050714187869738,
        1.019569014071615,
        0.9922197856666478,
        0.9679670913085071,
        0.9462810555624621,
        0.9267520478842547,
        0.9090577571989105,
        0.8929406151048102,
        0.8781919509025118,
        0.8646406377843193,
        0.8521448041293206,
        0.8405856799593934,
        0.8298629586097921,
        0.8198912519499355,
        0.8105973470520474,
        0.8019180585377474,
        0.7937985294043728,
        0.7861908735348305,
        0.7790530813930829,
        0.7723481305099266,
        0.7660432568318646,
        0.7601093535454654,
        0.7545204717540026,
        0.7492534031631167,
        0.7442873292770289,
        0.7396035249027295,
        0.735185106281273,
        0.7310168161103214,
        0.7270848392337896,
        0.723376643957992,
        0.7198808448868373,
        0.7165870839094676,
        0.7134859265660665,
        0.7105687714947546,
        0.7078277710502712,
        0.7052557615037061,
        0.7028462014979079,
        0.7005931176582917,
        0.6984910564537823,
        0.6965350415749588,
        0.694720536249722,
        0.6930434100494886,
        0.6914999098435481,
        0.6900866346243195,
        0.6888005139429694,
        0.687638789666003,
        0.6865990007089998,
        0.6856789703545957,
        0.6848767956856894,
        0.6841908385830778
      ],
      "line": [
        0.8537371402367169,
        0.853565590194121,
        0.8534513042803014,
        0.8533941874620252
      ]
    }
  ],
  "Flagb": [
    -1,
    -1
  ],
  "waypoint_positions": [
    [
      189.66565656565655,
      448.6860000000004
    ],
    [
      310.3343434343434,
      448.6860000000004
    ]
  ],
  "total_time": 49.700094294526366,
  "metadata": {
    "robot_id": 1,
    "total_waypoints": 2,
    "total_segments": 1,
    "start_waypoint_idx": 2,
    "end_waypoint_idx": 3,
    "save_timestamp": "2025-06-11T14:05:00",
    "case": "simple_maze",
    "N": 3,
    "replanned": true,
    "replan_timestamp": "2025-06-17T14:23:43",
    "original_total_time": 54.815230047906866,
    "replanned_total_time": 49.700094294526366,
    "detailed_optimization": true
  }
}