{
  "robot_id": 0,
  "waypoints": [
    6,
    1,
    2
  ],
  "phi": [
    0.3141592653589793,
    -0.007146590152318619,
    1.2953355605194106
  ],
  "r0": [
    0.2999999970005229,
    -0.29999999700004887
  ],
  "l": [
    0.21484329893033038,
    1.8240931265900684
  ],
  "phi_new": [
    0.3141592653589793,
    -0.007146590152318619
  ],
  "time_segments": [
    {
      "arc": [
        1.693161068879325,
        0.7013302224601292,
        0.5381496072063668,
        0.4777990486792015
      ],
      "line": [
        0.3453875507212765,
        0.3453875507212765,
        0.3453875507212765,
        0.3453875507212765,
        0.3453875507212765,
        0.3453875507212765,
        0.3453875507212765,
        0.3453875507212765,
        0.3453875507212765,
        0.3453875507212766
      ]
    },
    {
      "arc": [
        0.40776017901532136,
        0.40776017901532136,
        0.40776017901532136,
        0.40776017901532136,
        0.40776017901532136,
        0.40776017901532136,
        0.40776017901532136,
        0.40776017901532136,
        0.40776017901532136,
        0.40776017901532136,
        0.40776017901532136,
        0.40776017901532136,
        0.40776017901532136,
        0.40776017901532136,
        0.40776017901532136,
        0.40776017901532136,
        0.40776017901532136,
        0.40776017901532136,
        0.40776017901532136
      ],
      "line": [
        0.32224818638802943,
        0.32224818638802943,
        0.32224818638802943,
        0.32224818638802943,
        0.32224818638802943,
        0.32224818638802943,
        0.32224818638802943,
        0.32224818638802943,
        0.32224818638802943,
        0.32224818638802943,
        0.32224818638802943,
        0.32224818638802943,
        0.32224818638802943,
        0.32224818638802943,
        0.32224818638802943,
        0.32224818638802943,
        0.32224818638802943,
        0.32224818638802943,
        0.32224818638802943,
        0.32224818638802943,
        0.32224818638802943,
        0.32224818638802943,
        0.32224818638802943,
        0.32224818638802943,
        0.32224818638802943,
        0.32224818638802943,
        0.32224818638802943,
        0.32224818638802943,
        0.32224818638802943,
        0.32224818638802943,
        0.32224818638802943,
        0.32224818638802943,
        0.32224818638802943,
        0.32224818638802943,
        0.32224818638802943,
        0.32224818638802943,
        0.32224818638802943,
        0.32224818638802943,
        0.32224818638802943,
        0.32224818638802943,
        0.32224818638802943,
        0.32224818638802943,
        0.32224818638802943,
        0.32224818638802943,
        0.32224818638802943,
        0.32224818638802943,
        0.32224818638802943,
        0.32224818638802943,
        0.32224818638802943,
        0.32224818638802943,
        0.32224818638802943,
        0.32224818638802943,
        0.32224818638802943,
        0.32224818638802943,
        0.32224818638802943,
        0.32224818638802943,
        0.32224818638802943,
        0.32224818638802943,
        0.32224818638802943,
        0.32224818638802943,
        0.32224818638802943,
        0.32224818638802943,
        0.32224818638802943,
        0.32224818638802943,
        0.32224818638802943,
        0.32224818638802943,
        0.32224818638802943,
        0.32224818638802943,
        0.32224818638802943,
        0.32224818638802943,
        0.32224818638802943,
        0.32224818638802943,
        0.32224818638802943,
        0.32224818638802943,
        0.32224818638802943,
        0.32224818638802943,
        0.32224818638802943,
        0.32224818638802943,
        0.32224818638802943,
        0.32224818638802943,
        0.32224818638802943,
        0.32224818638802943,
        0.32224818638802943,
        0.32224818638802943,
        0.32224818638802943,
        0.32224818638802943,
        0.32224818638802943,
        0.32224818638802943,
        0.32224818638802943,
        0.32224818638802943,
        0.32224818638802943
      ]
    }
  ],
  "Flagb": [
    0,
    0,
    -1
  ],
  "waypoint_positions": [
    [
      80.0,
      250.0
    ],
    [
      110.96868686868685,
      251.31399999999982
    ],
    [
      189.66565656565655,
      448.6860000000004
    ]
  ],
  "total_time": 43.9363438170396,
  "metadata": {
    "robot_id": 0,
    "total_waypoints": 3,
    "total_segments": 2,
    "start_waypoint_idx": 0,
    "end_waypoint_idx": 2,
    "save_timestamp": "2025-06-10T13:24:50",
    "case": "simple_maze",
    "N": 3,
    "replanned": true,
    "replan_timestamp": "2025-06-12T11:33:14",
    "original_total_time": 54.92886741115702,
    "replanned_total_time": 43.9363438170396,
    "detailed_optimization": true
  }
}