{
  "robot_id": 2,
  "waypoints": [
    3,
    5,
    7
  ],
  "phi": [
    0.23371583747081937,
    -1.262529729302326,
    -1.8170092946056018
  ],
  "r0": [
    -18.201234839005608,
    1.6220625175990313
  ],
  "l": [
    0.09999999900534683,
    0.09999999902156925
  ],
  "phi_new": [
    -1.337080489324077,
    -1.262529729302326
  ],
  "time_segments": [
    {
      "arc": [
        1.4003663826859205,
        0.8287033418667014,
        0.6926926103054291,
        0.6186635305292177,
        0.5702344458833836,
        0.5354778944076258,
        0.5090941673612512,
        0.4883052915878598,
        0.47149152291906765,
        0.457635021335586,
        0.4460596570571587,
        0.4362967277504616,
        0.42801027561539995,
        0.42095303381008836,
        0.41493917728723,
        0.409826799657032,
        0.40550627717408194,
        0.4018923352979582,
        0.39891852236520803,
        0.3965332921109063,
        0.39469717782945146,
        0.39338067016426237,
        0.39256222094649895,
        0.3922219889872114,
        0.3922082980343884,
        0.3922080391236818,
        0.39220803500589063,
        0.3922080349696505,
        0.39220803496636203,
        0.39220803496512774,
        0.39220803496486595,
        0.39220803496478157,
        0.3922080349647529,
        0.39220803496476314,
        0.392208034964793,
        0.39220803496482637,
        0.39220803496485473,
        0.3922080349648758,
        0.3922080349648901,
        0.39220803496489925,
        0.39220803496490486,
        0.3922080349649081,
        0.3922080349649099,
        0.39220803496491086,
        0.39220803496491113,
        0.39220803496491097,
        0.39220803496491025,
        0.3922080349649088,
        0.3922080349649061,
        0.3922080349649015,
        0.3922080349648938,
        0.39220803496488177,
        0.39220803496486384,
        0.3922080349648393,
        0.3922080349648099,
        0.39220803496478257,
        0.3922080349647731,
        0.3922080349648054,
        0.39220803496491113,
        0.39220803496519824,
        0.39220803496624385,
        0.392208034969171,
        0.3922080349860065,
        0.3922080371636555,
        0.39220819861306383,
        0.39221774766790124,
        0.39252231558319267
      ],
      "line": [
        0.4857410992172272,
        0.48837967727467785,
        0.49226572655419193,
        0.4975193490218621
      ]
    },
    {
      "arc": [
        0.41135447704643974,
        0.41135960065365357,
        0.41135962853618646,
        0.41135962858540837,
        0.41135962861857595,
        0.4113596286403886,
        0.4113596286445416,
        0.41135962864493025,
        0.41135962864472136,
        0.41135962864452685,
        0.4113596286444118,
        0.4113596286443511,
        0.41135962864431874,
        0.4113596286442971,
        0.4113596286442749,
        0.41135962864424547,
        0.4113596286442075,
        0.41135962864416925,
        0.4113596286441494,
        0.4113596286441575,
        0.41135962864416026,
        0.4113596286443676,
        0.41135962864654285,
        0.4113596286702314,
        0.411359632183262,
        0.4113599679962027,
        0.4113870187658258,
        0.41190315366946495,
        0.41305281910779595,
        0.41486343185065333,
        0.4173712232188232,
        0.42062714402161205,
        0.4247004530032627,
        0.4296833948876451,
        0.4356978921031302,
        0.44290535384437435,
        0.4515213711378607,
        0.4618383394767424,
        0.4742615022498452,
        0.4893688834815008,
        0.5080163903207943,
        0.5315349507536373,
        0.5621340305859711,
        0.6038313964343563
      ],
      "line": [
        0.8373276978659614,
        1.0287466975518618,
        1.2639308175510335,
        1.552882145515033
      ]
    }
  ],
  "Flagb": [
    -1,
    0,
    0
  ],
  "waypoint_positions": [
    [
      310.3343434343434,
      448.6860000000004
    ],
    [
      349.68282828282827,
      308.4480000000002
    ],
    [
      350.0,
      210.0
    ]
  ],
  "total_time": 54.81656976224734,
  "metadata": {
    "robot_id": 2,
    "total_waypoints": 3,
    "total_segments": 2,
    "start_waypoint_idx": 3,
    "end_waypoint_idx": 5,
    "save_timestamp": "2025-06-11T14:05:00",
    "case": "simple_maze",
    "N": 3
  }
}