{
  "robot_id": 1,
  "waypoints": [
    2,
    3
  ],
  "phi": [
    1.2953355605194106,
    0.23371583747081937
  ],
  "r0": [
    -2.203018720113881
  ],
  "l": [
    0.09999999900004371
  ],
  "phi_new": [
    -0.275460766275486
  ],
  "time_segments": [
    {
      "arc": [
        1.4119622819453805,
        1.2938509467295463,
        1.2089853598500682,
        1.1442522002951614,
        1.0928543655587357,
        1.0508559091163745,
        1.0157936498534983,
        0.9860345187547466,
        0.9604463616495481,
        0.9382158556556571,
        0.9187415266484155,
        0.9015677439051213,
        0.8863423170978472,
        0.8727883138531847,
        0.8606847777413533,
        0.8498532018400711,
        0.8401478313047768,
        0.8314485775120157,
        0.8236557532311898,
        0.816686102986158,
        0.8104697712862025,
        0.8049479612490343,
        0.8000711092791889,
        0.7957974511236608,
        0.7920918889532257,
        0.7889250932497606,
        0.7862727905218839,
        0.7841152003904128,
        0.7824365948286508,
        0.7812249592945157,
        0.7804717408342284,
        0.7801716724541626,
        0.7803226665006942,
        0.7809257727238441,
        0.7819851993414177,
        0.7835083979478936,
        0.7855062156966222,
        0.7879931210008292,
        0.7909875122483381,
        0.7945121229522782,
        0.7985945416849586,
        0.803267871498484,
        0.8085715619308367,
        0.8145524580000746,
        0.8212661260735126,
        0.8287785380559252,
        0.8371682258398466,
        0.8465290618328718,
        0.856973885602743,
        0.8686392925000751,
        0.8816920460559747,
        0.8963378033462173,
        0.9128332059330876,
        0.9315029865779696,
        0.9527647567126317,
        0.9771659275716311
      ],
      "line": [
        1.2649960870981432,
        1.3344859784829939,
        1.4257655703949146,
        1.552926141132354
      ]
    }
  ],
  "Flagb": [
    -1,
    -1
  ],
  "waypoint_positions": [
    [
      189.66565656565655,
      448.6860000000004
    ],
    [
      310.3343434343434,
      448.6860000000004
    ]
  ],
  "total_time": 54.89271690373095,
  "metadata": {
    "robot_id": 1,
    "total_waypoints": 2,
    "total_segments": 1,
    "start_waypoint_idx": 2,
    "end_waypoint_idx": 3,
    "save_timestamp": "2025-06-10T13:24:50",
    "case": "simple_maze",
    "N": 3
  }
}