{
  "robot_id": 2,
  "waypoints": [
    3,
    5,
    7
  ],
  "phi": [
    0.23371583747081937,
    -1.262529729302326,
    -1.8170092946056018
  ],
  "r0": [
    -18.201234839005608,
    1.6220625175990313
  ],
  "l": [
    0.09999999900534683,
    0.09999999902156925
  ],
  "phi_new": [
    -1.337080489324077,
    -1.262529729302326
  ],
  "time_segments": [
    {
      "arc": [
        1.405461738673325,
        0.9389741987235993,
        0.7894554728176564,
        0.7050113324976341,
        0.6485504523749838,
        0.6072881930277191,
        0.5754040301642639,
        0.5498078524413051,
        0.5286818242444389,
        0.5108744190173059,
        0.49561446482316884,
        0.48236269619160377,
        0.4707287534300976,
        0.4604219514840045,
        0.4512206462819286,
        0.44295240473137604,
        0.4354807350364793,
        0.4286959519763025,
        0.42250873286458707,
        0.41684547347973894,
        0.4116448776909647,
        0.4068554109933569,
        0.40243337064014517,
        0.39834140339255814,
        0.39454735318605755,
        0.39102335529685844,
        0.3877451169609111,
        0.3846913406060309,
        0.38184325728141966,
        0.37918424603946077,
        0.3766995209491801,
        0.374375871771665,
        0.37220144756062923,
        0.37016557487877816,
        0.36825860415965966,
        0.3664717791478141,
        0.3647971254260496,
        0.36322735486636865,
        0.3617557834786525,
        0.36037626062243056,
        0.359083107925421,
        0.35787106654406486,
        0.3567352516264062,
        0.3556711130124634,
        0.3546744013443311,
        0.3537411388674551,
        0.35286759429339776,
        0.3520502611685985,
        0.35128583925730406,
        0.3505712185029214,
        0.3499034651825419,
        0.3492798099155968,
        0.3486976372303334,
        0.3481544764315133,
        0.3476479935497051,
        0.34717598418693246,
        0.34673636710538525,
        0.3463271784354801,
        0.34594656640685295,
        0.3455927865311701,
        0.3452641971911909,
        0.34495925562741653,
        0.34467651440582986,
        0.3444146187443583,
        0.3441723059997867,
        0.34394841126486897,
        0.34374188945743406
      ],
      "line": [
        0.4243199311238945,
        0.4243191201412655,
        0.42431857949965085,
        0.42431830918289765
      ]
    },
    {
      "arc": [
        0.3556759351997193,
        0.3556758760150473,
        0.3556757576405615,
        0.3556755800659649,
        0.35567534327577766,
        0.3556750472492973,
        0.35567469196054524,
        0.3556742773782021,
        0.3556738034655322,
        0.35567327018029954,
        0.35567267747467707,
        0.3556720252951538,
        0.3556713135824435,
        0.3556705422714025,
        0.3556697112909642,
        0.35566882056410304,
        0.35566787000784167,
        0.35566685953332094,
        0.35566578904595736,
        0.3556646584457192,
        0.3556634676275591,
        0.3556622164820523,
        0.3556609048962982,
        0.3556595327551569,
        0.35565809994290515,
        0.35565660634541263,
        0.3556550518529532,
        0.35565343636378166,
        0.35565175978861957,
        0.3556500220561937,
        0.3556482231199625,
        0.355646362966115,
        0.3556444416228219,
        0.3556424591704913,
        0.3556404157523485,
        0.35563831158387577,
        0.3556361469582773,
        0.35563392224287294,
        0.3556316378578036,
        0.3556292942234895,
        0.3556268916577273,
        0.3556244302017071,
        0.35562190937575894,
        0.3556193279807679
      ],
      "line": [
        0.4349340287963923,
        0.43493265028489125,
        0.4349317312998388,
        0.4349312718131333
      ]
    }
  ],
  "Flagb": [
    -1,
    0,
    0
  ],
  "waypoint_positions": [
    [
      310.3343434343434,
      448.6860000000004
    ],
    [
      349.68282828282827,
      308.4480000000002
    ],
    [
      350.0,
      210.0
    ]
  ],
  "total_time": 47.90007117434873,
  "metadata": {
    "robot_id": 2,
    "total_waypoints": 3,
    "total_segments": 2,
    "start_waypoint_idx": 3,
    "end_waypoint_idx": 5,
    "save_timestamp": "2025-06-11T14:05:00",
    "case": "simple_maze",
    "N": 3,
    "replanned": true,
    "replan_timestamp": "2025-06-18T04:16:12",
    "original_total_time": 54.81656976224734,
    "replanned_total_time": 47.90007117434873,
    "detailed_optimization": true
  }
}