{
  "robot_id": 1,
  "waypoints": [
    2,
    3
  ],
  "phi": [
    1.2953355605194106,
    0.23371583747081937
  ],
  "r0": [
    -2.203018720113881
  ],
  "l": [
    0.09999999900004371
  ],
  "phi_new": [
    -0.275460766275486
  ],
  "time_segments": [
    {
      "arc": [
        0.7488890737697417,
        0.7488890737552385,
        0.7488890737262814,
        0.7488890736829609,
        0.7488890736254257,
        0.7488890735538777,
        0.7488890734685453,
        0.7488890733696653,
        0.748889073257475,
        0.7488890731322217,
        0.7488890729941815,
        0.7488890728436802,
        0.7488890726811057,
        0.7488890725069101,
        0.7488890723216055,
        0.7488890721257574,
        0.7488890719199762,
        0.7488890717049143,
        0.7488890714812628,
        0.7488890712497522,
        0.7488890710111529,
        0.7488890707662764,
        0.748889070515975,
        0.7488890702611405,
        0.7488890700027006,
        0.7488890697416142,
        0.7488890694788638,
        0.7488890692154478,
        0.7488890689523713,
        0.7488890686906355,
        0.748889068431229,
        0.7488890681751169,
        0.7488890679232327,
        0.7488890676764697,
        0.7488890674356737,
        0.7488890672016385,
        0.7488890669751002,
        0.7488890667567355,
        0.7488890665471604,
        0.7488890663469292,
        0.7488890661565377,
        0.7488890659764239,
        0.7488890658069725,
        0.7488890656485185,
        0.748889065501352,
        0.7488890653657225,
        0.7488890652418438,
        0.7488890651298983,
        0.7488890650300407,
        0.7488890649424019,
        0.7488890648670915,
        0.7488890648042001,
        0.7488890647538013,
        0.7488890647159527,
        0.7488890646906968,
        0.7488890646780619
      ],
      "line": [
        0.7655530323054407,
        0.7655530323051974,
        0.7655530323048741,
        0.7655530323044695
      ]
    }
  ],
  "Flagb": [
    -1,
    -1
  ],
  "waypoint_positions": [
    [
      189.66565656565655,
      448.6860000000004
    ],
    [
      310.3343434343434,
      448.6860000000004
    ]
  ],
  "total_time": 45.000000001805546,
  "metadata": {
    "robot_id": 1,
    "total_waypoints": 2,
    "total_segments": 1,
    "start_waypoint_idx": 2,
    "end_waypoint_idx": 3,
    "save_timestamp": "2025-06-10T13:24:50",
    "case": "simple_maze",
    "N": 3,
    "replanned": true,
    "replan_timestamp": "2025-06-14T12:48:28",
    "original_total_time": 54.89271690373095,
    "replanned_total_time": 45.000000001805546,
    "detailed_optimization": true
  }
}