{
  "robot_id": 1,
  "waypoints": [
    2,
    3
  ],
  "phi": [
    1.2953355605194106,
    0.23371583747081937
  ],
  "r0": [
    -2.203018720113881
  ],
  "l": [
    0.09999999900004371
  ],
  "phi_new": [
    -0.275460766275486
  ],
  "time_segments": [
    {
      "arc": [
        1.4131667802586816,
        1.316223648857049,
        1.2416731089945272,
        1.1819452153982457,
        1.1326922013411358,
        1.0911808671409466,
        1.0555870648303463,
        1.0246405795034186,
        0.9974254152901433,
        0.9732620750421555,
        0.9516343300581865,
        0.9321419131807023,
        0.9144689615232661,
        0.8983623701146007,
        0.8836165768304667,
        0.8700626351373516,
        0.85756021499793,
        0.8459916466757108,
        0.8352574174048764,
        0.8252727192914753,
        0.8159647698010589,
        0.8072707081496563,
        0.7991359265718615,
        0.7915127338877109,
        0.7843592757694108,
        0.7776386553145443,
        0.7713182113858312,
        0.7653689222929801,
        0.7597649098623711,
        0.7544830245155624,
        0.7495024961799408,
        0.7448046390518722,
        0.7403726006862411,
        0.7361911477847846,
        0.7322464825360573,
        0.7285260845227712,
        0.7250185741320359,
        0.7217135941363065,
        0.7186017066995459,
        0.7156743035361169,
        0.7129235273337875,
        0.7103422028659168,
        0.7079237764761305,
        0.705662262832533,
        0.7035521980250156,
        0.701588598221469,
        0.6997669232054112,
        0.6980830441854865,
        0.6965332152996108,
        0.6951140482571804,
        0.6938224896281356,
        0.6926558004687275,
        0.6916115382811023,
        0.6906875415752667,
        0.6898819171839656,
        0.6891930297638891
      ],
      "line": [
        0.8599794964007718,
        0.8598071826271205,
        0.859692384396817,
        0.8596350085053794
      ]
    }
  ],
  "Flagb": [
    -1,
    -1
  ],
  "waypoint_positions": [
    [
      189.66565656565655,
      448.6860000000004
    ],
    [
      310.3343434343434,
      448.6860000000004
    ]
  ],
  "total_time": 50.00009069422158,
  "metadata": {
    "robot_id": 1,
    "total_waypoints": 2,
    "total_segments": 1,
    "start_waypoint_idx": 2,
    "end_waypoint_idx": 3,
    "save_timestamp": "2025-06-11T14:05:00",
    "case": "simple_maze",
    "N": 3,
    "replanned": true,
    "replan_timestamp": "2025-06-24T14:03:01",
    "original_total_time": 54.815230047906866,
    "replanned_total_time": 50.00009069422158,
    "detailed_optimization": true
  }
}