{
  "robot_id": 2,
  "waypoints": [
    3,
    5,
    7
  ],
  "phi": [
    0.23371583747081937,
    -1.262529729302326,
    -1.8170092946056018
  ],
  "r0": [
    -18.201234839005608,
    1.6220625175990313
  ],
  "l": [
    0.09999999900534683,
    0.09999999902156925
  ],
  "phi_new": [
    -1.337080489324077,
    -1.262529729302326
  ],
  "time_segments": [
    {
      "arc": [
        0.9903907289738362,
        0.5240931482078667,
        0.43753444506744016,
        0.39057259541732514,
        0.35989060991681177,
        0.3378843018403388,
        0.32118332943481886,
        0.30802363593035037,
        0.2973775978892368,
        0.28859980001546726,
        0.2812615800087013,
        0.27506571448221506,
        0.2697989930731808,
        0.26530424052728685,
        0.26146299146789015,
        0.25818431199701913,
        0.2553973156976352,
        0.253045961351196,
        0.25108526350528726,
        0.24947832601646397,
        0.2481937293987522,
        0.24720282636286395,
        0.2464765209552954,
        0.2459813921022772,
        0.24567612334230113,
        0.2455112745365319,
        0.24543577833935876,
        0.24540762641609587,
        0.24540000539089143,
        0.2453994484581501,
        0.24540057235366655,
        0.24540172312801659,
        0.24540258192423262,
        0.2454031785003783,
        0.24540358678591637,
        0.24540386336266193,
        0.24540404705611396,
        0.24540416558357223,
        0.24540423946230241,
        0.2454042837993122,
        0.24540430934697036,
        0.2454043234219706,
        0.24540433077843574,
        0.24540433437485665,
        0.24540433598480316,
        0.2454043366456344,
        0.2454043369710402,
        0.24540433736653347,
        0.24540433818939938,
        0.24540433989446675,
        0.2454043432104969,
        0.2454043494027623,
        0.2454043606965655,
        0.2454043809587829,
        0.245404416737063,
        0.24540447866910708,
        0.2454045829108153,
        0.2454047511293211,
        0.24540500467017132,
        0.24540534121591143,
        0.24540566484896986,
        0.2454055995232936,
        0.245404018391931,
        0.24539787402541194,
        0.24537919437865627,
        0.24532640461534808,
        0.2451700094964453
      ],
      "line": [
        0.30263702592969816,
        0.30263245884567264,
        0.3026294154396961,
        0.30262789413268076
      ]
    },
    {
      "arc": [
        0.4826752737947147,
        0.4828064228810935,
        0.48306914943117935,
        0.48346431423155295,
        0.483993218617503,
        0.4846576168735971,
        0.48545973313178087,
        0.4864022830938085,
        0.48748850100584357,
        0.48872217242835175,
        0.49010767347826806,
        0.49165001737816055,
        0.4933549093353266,
        0.4952288110007616,
        0.49727901603432456,
        0.49951373864181536,
        0.5019422173697665,
        0.5045748369676777,
        0.5074232717857328,
        0.510500655009405,
        0.5138217790953371,
        0.5174033341394221,
        0.521264192679177,
        0.5254257517478965,
        0.5299123460524766,
        0.5347517502151633,
        0.5399757934944417,
        0.5456211178499593,
        0.5517301204740443,
        0.5583521362186864,
        0.5655449355788609,
        0.5733766429408673,
        0.5819282222032947,
        0.5912967398955591,
        0.6015997114694355,
        0.6129809845582112,
        0.6256188483393917,
        0.6397374425540445,
        0.6556231876206459,
        0.6736490888918043,
        0.694311827617659,
        0.7182904837607481,
        0.7465436838917012,
        0.780479169382388
      ],
      "line": [
        0.9775976438498644,
        1.0102992091634213,
        1.0496670186951722,
        1.0980752065385138
      ]
    }
  ],
  "Flagb": [
    -1,
    0,
    0
  ],
  "waypoint_positions": [
    [
      310.3343434343434,
      448.6860000000004
    ],
    [
      349.68282828282827,
      308.4480000000002
    ],
    [
      350.0,
      210.0
    ]
  ],
  "total_time": 48.00164895169082,
  "metadata": {
    "robot_id": 2,
    "total_waypoints": 3,
    "total_segments": 2,
    "start_waypoint_idx": 3,
    "end_waypoint_idx": 5,
    "save_timestamp": "2025-06-11T14:05:00",
    "case": "simple_maze",
    "N": 3,
    "replanned": true,
    "replan_timestamp": "2025-07-16T09:05:05",
    "original_total_time": 54.81656976224734,
    "replanned_total_time": 48.00164895169082,
    "detailed_optimization": true
  }
}