{
  "robot_id": 0,
  "waypoints": [
    6,
    1,
    2
  ],
  "phi": [
    0.3141592653589793,
    -0.007146590152318619,
    1.2953355605194106
  ],
  "r0": [
    0.2999999970005229,
    -0.29999999700004887
  ],
  "l": [
    0.21484329893033038,
    1.8240931265900684
  ],
  "phi_new": [
    0.3141592653589793,
    -0.007146590152318619
  ],
  "time_segments": [
    {
      "arc": [
        1.6931622026973483,
        1.0190043080614706,
        0.8791502066139081,
        0.814602150458336
      ],
      "line": [
        0.5183530849809653,
        0.45389621007766434,
        0.4167273404213647,
        0.3924706608676221,
        0.37569265448146133,
        0.36382444071575687,
        0.35549188236204865,
        0.34991002430875306,
        0.3466249008290292,
        0.34539221993207514
      ]
    },
    {
      "arc": [
        0.4077619101663303,
        0.4077619101663291,
        0.40776191016632646,
        0.40776191016632146,
        0.40776191016631314,
        0.4077619101662994,
        0.40776191016627866,
        0.4077619101662514,
        0.4077619101662287,
        0.4077619101662566,
        0.4077619101664824,
        0.40776191016732793,
        0.40776191016985586,
        0.40776191017591773,
        0.40776191018110813,
        0.40776191012120405,
        0.40776190911632165,
        0.40776192701361813,
        0.407760480964396
      ],
      "line": [
        0.3735826395221414,
        0.3572010091759651,
        0.3452759830098433,
        0.3365383037174458,
        0.33024034871283003,
        0.32592536622017465,
        0.3233157355718437,
        0.32225491643980164,
        0.3222499213196624,
        0.32224991752292204,
        0.3222499175399819,
        0.3222499175333633,
        0.32224991753509136,
        0.32224991753573545,
        0.3222499175358511,
        0.3222499175358564,
        0.3222499175358491,
        0.322249917535844,
        0.3222499175358415,
        0.32224991753584037,
        0.32224991753583987,
        0.3222499175358397,
        0.3222499175358396,
        0.3222499175358396,
        0.3222499175358396,
        0.3222499175358396,
        0.3222499175358396,
        0.32224991753583954,
        0.32224991753583954,
        0.32224991753583954,
        0.3222499175358396,
        0.32224991753583954,
        0.32224991753583954,
        0.32224991753583954,
        0.32224991753583954,
        0.3222499175358396,
        0.3222499175358396,
        0.3222499175358396,
        0.3222499175358396,
        0.3222499175358396,
        0.3222499175358396,
        0.3222499175358396,
        0.3222499175358396,
        0.3222499175358396,
        0.3222499175358396,
        0.3222499175358396,
        0.3222499175358396,
        0.3222499175358396,
        0.3222499175358396,
        0.3222499175358396,
        0.3222499175358396,
        0.3222499175358396,
        0.3222499175358396,
        0.3222499175358396,
        0.3222499175358396,
        0.3222499175358396,
        0.3222499175358396,
        0.3222499175358396,
        0.3222499175358396,
        0.3222499175358396,
        0.3222499175358396,
        0.3222499175358396,
        0.3222499175358396,
        0.3222499175358396,
        0.3222499175358396,
        0.32224991753583954,
        0.32224991753583954,
        0.3222499175358396,
        0.3222499175358396,
        0.32224991753583954,
        0.32224991753583954,
        0.3222499175358396,
        0.32224991753583954,
        0.32224991753583954,
        0.32224991753583954,
        0.32224991753583954,
        0.32224991753583954,
        0.32224991753583954,
        0.3222499175358396,
        0.32224991753583954,
        0.3222499175358396,
        0.3222499175358396,
        0.32224991753583965,
        0.32224991753583976,
        0.32224991753583926,
        0.32224991753583515,
        0.3222499175358325,
        0.3222499175359908,
        0.3222499175353547,
        0.3222499175365309,
        0.322249917535502
      ]
    }
  ],
  "Flagb": [
    0,
    0,
    -1
  ],
  "waypoint_positions": [
    [
      80.0,
      250.0
    ],
    [
      110.96868686868685,
      251.31399999999982
    ],
    [
      189.66565656565655,
      448.6860000000004
    ]
  ],
  "total_time": 45.53285462816345,
  "metadata": {
    "robot_id": 0,
    "total_waypoints": 3,
    "total_segments": 2,
    "start_waypoint_idx": 0,
    "end_waypoint_idx": 2,
    "save_timestamp": "2025-06-11T14:05:00",
    "case": "simple_maze",
    "N": 3,
    "replanned": true,
    "replan_timestamp": "2025-06-23T14:34:18",
    "original_total_time": 54.85132950025058,
    "replanned_total_time": 45.53285462816345,
    "detailed_optimization": true
  }
}