{
  "robot_id": 2,
  "waypoints": [
    3,
    5,
    7
  ],
  "phi": [
    0.23371583747081937,
    -1.262529729302326,
    -1.8170092946056018
  ],
  "r0": [
    -18.201234839005608,
    1.6220625175990313
  ],
  "l": [
    0.09999999900534683,
    0.09999999902156925
  ],
  "phi_new": [
    -1.337080489324077,
    -1.262529729302326
  ],
  "time_segments": [
    {
      "arc": [
        0.9902204254467835,
        0.41016540823224823,
        0.3147573759000872,
        0.2751358051809263,
        0.25646555279440053,
        0.24758473107382736,
        0.24515081176390324,
        0.2451407380011068,
        0.2451407259531757,
        0.2451407279789774,
        0.2451407279055113,
        0.2451407279603987,
        0.24514072797550052,
        0.24514072797776115,
        0.24514072797779846,
        0.24514072797766043,
        0.24514072797758754,
        0.24514072797755984,
        0.24514072797755082,
        0.24514072797754813,
        0.24514072797754755,
        0.24514072797754874,
        0.24514072797754663,
        0.24514072797754324,
        0.24514072797755376,
        0.24514072797754488,
        0.2451407279775472,
        0.2451407279775476,
        0.24514072797754755,
        0.2451407279775475,
        0.24514072797754746,
        0.2451407279775475,
        0.24514072797754746,
        0.2451407279775475,
        0.24514072797754746,
        0.2451407279775475,
        0.24514072797754746,
        0.2451407279775475,
        0.24514072797754746,
        0.2451407279775475,
        0.2451407279775475,
        0.24514072797754746,
        0.24514072797754746,
        0.24514072797754746,
        0.24514072797754746,
        0.24514072797754746,
        0.2451407279775475,
        0.2451407279775475,
        0.24514072797754746,
        0.24514072797754746,
        0.2451407279775475,
        0.2451407279775475,
        0.24514072797754746,
        0.24514072797754727,
        0.2451407279775461,
        0.24514072797754163,
        0.24514072797752723,
        0.24514072797748832,
        0.24514072797741684,
        0.2451407279774763,
        0.24514072797900038,
        0.24514072798898995,
        0.24514072803366885,
        0.2451407281142083,
        0.24514072594087596,
        0.24514073581217463,
        0.24512897030616057
      ],
      "line": [
        0.30246441860582146,
        0.3023484666482042,
        0.302271315296433,
        0.3022327864792681
      ]
    },
    {
      "arc": [
        0.2743911873656969,
        0.2744775944195169,
        0.27465073597063333,
        0.2749112704734742,
        0.27526019460644774,
        0.2756988542894678,
        0.2762289597515213,
        0.2768526049894489,
        0.27757229206757594,
        0.27839096083371806,
        0.27931202477603256,
        0.28033941392425815,
        0.2814776259170955,
        0.282731786626462,
        0.28410772206431106,
        0.2856120437187172,
        0.2872522499997857,
        0.28903684715874906,
        0.290975493924472,
        0.29307917524803484,
        0.29536041205186503,
        0.2978335158767784,
        0.3005148999954443,
        0.3034234621835617,
        0.30658105930325313,
        0.31001310073808197,
        0.3137492973992135,
        0.317824616832752,
        0.32228051497791455,
        0.3271665446564104,
        0.3325424852771622,
        0.33848120643874996,
        0.34507258535392304,
        0.3524289711669613,
        0.3606929772243026,
        0.3700488778298756,
        0.3807397721575189,
        0.3930943357988983,
        0.40757025048296913,
        0.4248282742478521,
        0.44586651460619103,
        0.47228348477954757,
        0.5068492047182919,
        0.5549367623671027
      ],
      "line": [
        0.7168848049775848,
        0.781752207032728,
        0.8857023736898112,
        1.0980559179887674
      ]
    }
  ],
  "Flagb": [
    -1,
    0,
    0
  ],
  "waypoint_positions": [
    [
      310.3343434343434,
      448.6860000000004
    ],
    [
      349.68282828282827,
      308.4480000000002
    ],
    [
      350.0,
      210.0
    ]
  ],
  "total_time": 36.532166500595665,
  "metadata": {
    "robot_id": 2,
    "total_waypoints": 3,
    "total_segments": 2,
    "start_waypoint_idx": 3,
    "end_waypoint_idx": 5,
    "save_timestamp": "2025-06-11T14:05:00",
    "case": "simple_maze",
    "N": 3,
    "replanned": true,
    "replan_timestamp": "2025-07-11T12:33:00",
    "original_total_time": 54.81656976224734,
    "replanned_total_time": 36.532166500595665,
    "detailed_optimization": true
  }
}