{
  "robot_id": 1,
  "waypoints": [
    2,
    3
  ],
  "phi": [
    1.2953355605194106,
    0.23371583747081937
  ],
  "r0": [
    -2.203018720113881
  ],
  "l": [
    0.09999999900004371
  ],
  "phi_new": [
    -0.275460766275486
  ],
  "time_segments": [
    {
      "arc": [
        1.4123103454631656,
        1.2217451192931275,
        1.1064722860352092,
        1.0269182583333012,
        0.9678143420286106,
        0.9217735709237336,
        0.8847085091442989,
        0.8541436960108704,
        0.8284783837473714,
        0.8066245355368982,
        0.7878130521732831,
        0.7714828602445702,
        0.7572139312687117,
        0.7446850152731057,
        0.7336459746539524,
        0.723899104866544,
        0.7152861841004171,
        0.7076792876739589,
        0.7009741431472204,
        0.69508524121744,
        0.6899421862031226,
        0.6854869390752109,
        0.6816717151742177,
        0.6784573708611097,
        0.6758121620077712,
        0.6737107907540236,
        0.6721336805415423,
        0.6710664364088019,
        0.6704994600779527,
        0.670427698955113,
        0.6708505158262916,
        0.6717716725139489,
        0.6731994266556984,
        0.6751467465907977,
        0.6776316555964492,
        0.6806777239659513,
        0.6843147363598013,
        0.6885795734211295,
        0.6935173621478505,
        0.6991829708959273,
        0.7056429550879797,
        0.7129781032755554,
        0.7212867973884298,
        0.7306894975711873,
        0.7413348105940089,
        0.7534078351130173,
        0.7671418566144572,
        0.7828350987412904,
        0.8008753333652933,
        0.8217771220481306,
        0.8462401710121482,
        0.8752446532491245,
        0.910214977907115,
        0.9533193348920841,
        1.0080631847597432,
        1.0805974667280467
      ],
      "line": [
        1.3786243342523692,
        1.4237619188278128,
        1.4804048378900379,
        1.5531781654466943
      ]
    }
  ],
  "Flagb": [
    -1,
    -1
  ],
  "waypoint_positions": [
    [
      189.66565656565655,
      448.6860000000004
    ],
    [
      310.3343434343434,
      448.6860000000004
    ]
  ],
  "total_time": 50.00045311993302,
  "metadata": {
    "robot_id": 1,
    "total_waypoints": 2,
    "total_segments": 1,
    "start_waypoint_idx": 2,
    "end_waypoint_idx": 3,
    "save_timestamp": "2025-06-11T14:05:00",
    "case": "simple_maze",
    "N": 3,
    "replanned": true,
    "replan_timestamp": "2025-07-09T13:35:42",
    "original_total_time": 54.815230047906866,
    "replanned_total_time": 50.00045311993302,
    "detailed_optimization": true
  }
}