{
  "robot_id": 0,
  "path_segments": [
    {
      "segment_idx": 0,
      "waypoint_idx": 6,
      "position": [
        0.8,
        2.5
      ],
      "next_position": [
        1.1096868686868684,
        2.513139999999998
      ],
      "orientation": 0.3141592653589793,
      "radius": 0.2999999970005229,
      "arc_angle": -0.3213058555112979,
      "line_length": 0.21484329893033038,
      "time_segments": {
        "arc": [
          1.9550942103934374,
          1.1467179210394578
        ],
        "line": [
          0.8289304989433245,
          0.8289303148614827,
          0.8289303148614479,
          0.8289304574857032,
          0.9592795172130514
        ]
      }
    },
    {
      "segment_idx": 1,
      "waypoint_idx": 1,
      "position": [
        1.1096868686868684,
        2.513139999999998
      ],
      "next_position": [
        1.8966565656565655,
        4.486860000000004
      ],
      "orientation": -0.007146590152318619,
      "radius": -0.29999999700004887,
      "arc_angle": 1.3024821506717292,
      "line_length": 1.8240931265900684,
      "time_segments": {
        "arc": [
          1.03299254974523,
          1.0329926609942992,
          1.0329926609943247,
          1.0329926609943247,
          1.0329926609943247,
          1.0329926609943247,
          1.0329926609943247,
          1.0329926609943136,
          1.0329926125960318
        ],
        "line": [
          0.7819894225878699,
          0.7819891269405311,
          0.7819891269402174,
          0.7819891269402174,
          0.7819891269402174,
          0.7819891269402174,
          0.7819891269402174,
          0.7819891269402174,
          0.7819891269402174,
          0.7819891269402174,
          0.7819891269402174,
          0.7819891269402174,
          0.7819891269402174,
          0.7819891269402174,
          0.7819891269402174,
          0.7819891269402174,
          0.7819891269402174,
          0.7819891269402174,
          0.7819891269402174,
          0.7819891269402174,
          0.7819891269402174,
          0.7819891269402174,
          0.7819891269402174,
          0.7819891269402174,
          0.7819891269402174,
          0.7819891269402174,
          0.7819891269402174,
          0.7819891269402174,
          0.7819891269402174,
          0.7819891269402174,
          0.7819891269402174,
          0.7819891269402174,
          0.7819891269402174,
          0.7819891269402174,
          0.7819891269402174,
          0.7819891269402174,
          0.7819891269402174,
          0.7819891269402174,
          0.7819891269402174,
          0.7819891269404387,
          0.7819893354205546,
          0.9112351169693828,
          1.1026393762113655,
          1.3342481285854757,
          1.6145062295731014
        ]
      }
    }
  ],
  "start_node": 6,
  "end_node": 2,
  "start_position": [
    0.8,
    2.5
  ],
  "end_position": [
    1.8966565656565655,
    4.486860000000004
  ],
  "start_orientation": 0.3141592653589793
}