{
  "robot_id": 1,
  "waypoints": [
    2,
    3
  ],
  "phi": [
    1.2953355605194106,
    0.23371583747081937
  ],
  "r0": [
    -2.203018720113881
  ],
  "l": [
    0.09999999900004371
  ],
  "phi_new": [
    -0.275460766275486
  ],
  "time_segments": [
    {
      "arc": [
        1.4122171724563761,
        1.1929245398950041,
        1.0687239305555012,
        0.9857413497772125,
        0.9252826588777973,
        0.8787991404181414,
        0.841727744695604,
        0.8113734013297514,
        0.7860252828928651,
        0.7645369922706047,
        0.746107314296662,
        0.7301571192494481,
        0.7162561710473483,
        0.7040775304058936,
        0.6933680284422394,
        0.6839285133638386,
        0.6756002633271648,
        0.6682554151808452,
        0.6617900822495753,
        0.6561193175460005,
        0.6511733718180441,
        0.6468948787504271,
        0.6432367168279676,
        0.6401603742514308,
        0.6376346948635034,
        0.6356349183727706,
        0.6341419528963236,
        0.6331418355640095,
        0.6326253499783713,
        0.63258777927249,
        0.6330287814432513,
        0.6339523803567774,
        0.6353670719529652,
        0.6372860512644338,
        0.6397275724532518,
        0.6427154617657515,
        0.6462798128745538,
        0.6504579065512884,
        0.6552954134707121,
        0.6608479623792606,
        0.6671831892167606,
        0.6743834313025877,
        0.6825493027979193,
        0.6918044971631244,
        0.7023023325910197,
        0.7142348279882997,
        0.7278455428269132,
        0.7434481696398751,
        0.7614541959807559,
        0.7824153878942682,
        0.8070915379940266,
        0.8365635017596623,
        0.8724325444026522,
        0.9171972526733283,
        0.9750336394060025,
        1.0536214969741717
      ],
      "line": [
        1.3482232412715973,
        1.3993173682489515,
        1.4652240544101258,
        1.5530927143143933
      ]
    }
  ],
  "Flagb": [
    -1,
    -1
  ],
  "waypoint_positions": [
    [
      189.66565656565655,
      448.6860000000004
    ],
    [
      310.3343434343434,
      448.6860000000004
    ]
  ],
  "total_time": 47.80062048424188,
  "metadata": {
    "robot_id": 1,
    "total_waypoints": 2,
    "total_segments": 1,
    "start_waypoint_idx": 2,
    "end_waypoint_idx": 3,
    "save_timestamp": "2025-06-11T14:05:00",
    "case": "simple_maze",
    "N": 3,
    "replanned": true,
    "replan_timestamp": "2025-07-05T14:48:06",
    "original_total_time": 54.815230047906866,
    "replanned_total_time": 47.80062048424188,
    "detailed_optimization": true
  }
}