{
  "robot_id": 1,
  "waypoints": [
    2,
    3
  ],
  "phi": [
    1.2953355605194106,
    0.23371583747081937
  ],
  "r0": [
    -2.203018720113881
  ],
  "l": [
    0.09999999900004371
  ],
  "phi_new": [
    -0.275460766275486
  ],
  "time_segments": [
    {
      "arc": [
        1.4119620025058686,
        1.2932137627460965,
        1.2080196123447375,
        1.1430995753511721,
        1.091588888922195,
        1.0495197380510974,
        1.0144123129115254,
        0.9846241907808777,
        0.9590176447388584,
        0.936775877941529,
        0.9172951702141321,
        0.9001183947031325,
        0.8848923395957515,
        0.8713393606393846,
        0.8592379967393486,
        0.848409378105995,
        0.8387074859536532,
        0.8300120379173521,
        0.8222232035977866,
        0.8152576212829014,
        0.8090453565574357,
        0.8035275540516859,
        0.7986546071555635,
        0.7943847204589516,
        0.7906827741854539,
        0.7875194241372454,
        0.7848703879906991,
        0.7827158813564538,
        0.7810401762994073,
        0.779831261993471,
        0.7790805925487401,
        0.7787829112809478,
        0.7789361441486389,
        0.7795413580300583,
        0.7806027821625975,
        0.7821278936053745,
        0.7841275701811956,
        0.7866163171846989,
        0.789612577410099,
        0.7931391380018724,
        0.797223652587097,
        0.8018993035465386,
        0.8072056377356315,
        0.8131896203543835,
        0.8199069672709942,
        0.8274238378398393,
        0.8358190010205897,
        0.845186631883312,
        0.8556399604400956,
        0.8673160915597712,
        0.8803824622744998,
        0.8950456328644398,
        0.9115634761128351,
        0.9302624348021152,
        0.9515625471369552,
        0.9760147559773256
      ],
      "line": [
        1.2636734396370288,
        1.3333822087885276,
        1.425040529888367,
        1.5529258324025326
      ]
    }
  ],
  "Flagb": [
    -1,
    -1
  ],
  "waypoint_positions": [
    [
      189.66565656565655,
      448.6860000000004
    ],
    [
      310.3343434343434,
      448.6860000000004
    ]
  ],
  "total_time": 54.815230047906866,
  "metadata": {
    "robot_id": 1,
    "total_waypoints": 2,
    "total_segments": 1,
    "start_waypoint_idx": 2,
    "end_waypoint_idx": 3,
    "save_timestamp": "2025-06-11T14:05:00",
    "case": "simple_maze",
    "N": 3
  }
}