{
  "robot_id": 0,
  "waypoints": [
    6,
    1,
    2
  ],
  "phi": [
    0.3141592653589793,
    -0.007146590152318619,
    1.2953355605194106
  ],
  "r0": [
    0.2999999970005229,
    -0.29999999700004887
  ],
  "l": [
    0.21484329893033038,
    1.8240931265900684
  ],
  "phi_new": [
    0.3141592653589793,
    -0.007146590152318619
  ],
  "time_segments": [
    {
      "arc": [
        1.6931610694533998,
        0.7013302228654914,
        0.5381496083348871,
        0.4777990490448209
      ],
      "line": [
        0.3771024799908129,
        0.3563144776762494,
        0.3467799513477753,
        0.34538755143182576,
        0.3453875512953499,
        0.34538755129535,
        0.34538755158516465,
        0.3478515815889432,
        0.358734402362601,
        0.38173215050564224
      ]
    },
    {
      "arc": [
        0.40776017917528773,
        0.40776017958939587,
        0.40776017958939587,
        0.40776017958939587,
        0.40776017958939587,
        0.40776017958939587,
        0.40776017958939587,
        0.40776017958939587,
        0.40776017958939587,
        0.40776017958939587,
        0.40776017958939587,
        0.40776017958939587,
        0.40776017958939587,
        0.40776017958939587,
        0.40776017958939587,
        0.40776017958939587,
        0.40776017958939587,
        0.40776017958939587,
        0.40776017917124174
      ],
      "line": [
        0.35733276070195,
        0.3368646197639893,
        0.3261820622070091,
        0.32224818822157997,
        0.32224818696210294,
        0.32224818696210283,
        0.32224818696210283,
        0.32224818696210283,
        0.32224818696210283,
        0.32224818696210283,
        0.32224818696210283,
        0.32224818696210283,
        0.32224818696210283,
        0.32224818696210283,
        0.32224818696210283,
        0.32224818696210283,
        0.32224818696210283,
        0.32224818696210283,
        0.32224818696210283,
        0.32224818696210283,
        0.32224818696210283,
        0.32224818696210283,
        0.32224818696210283,
        0.32224818696210283,
        0.32224818696210283,
        0.32224818696210283,
        0.32224818696210283,
        0.32224818696210283,
        0.32224818696210283,
        0.32224818696210283,
        0.32224818696210283,
        0.32224818696210283,
        0.32224818696210283,
        0.32224818696210283,
        0.32224818696210283,
        0.32224818696210283,
        0.32224818696210283,
        0.32224818696210283,
        0.32224818696210283,
        0.32224818696210283,
        0.32224818696210283,
        0.32224818696210283,
        0.32224818696210283,
        0.32224818696210283,
        0.32224818696210283,
        0.32224818696210283,
        0.32224818696210283,
        0.32224818696210283,
        0.32224818696210283,
        0.32224818696210283,
        0.32224818696210283,
        0.32224818696210283,
        0.32224818696210283,
        0.32224818696210283,
        0.32224818696210283,
        0.32224818696210283,
        0.32224818696210283,
        0.32224818696210283,
        0.32224818696210283,
        0.32224818696210283,
        0.32224818696210283,
        0.32224818696210283,
        0.32224818696210283,
        0.32224818696210283,
        0.32224818696210283,
        0.32224818696210283,
        0.32224818696210283,
        0.32224818696210283,
        0.32224818696210283,
        0.32224818696210283,
        0.32224818696210283,
        0.32224818696210283,
        0.32224818696210283,
        0.32224818696210283,
        0.32224818696210283,
        0.32224818696210283,
        0.32224818696210283,
        0.32224818696210283,
        0.32224818696210283,
        0.32224818696210283,
        0.32224818696210317,
        0.3222481888297894,
        0.32665914877857644,
        0.33795003787257966,
        0.3593967465791858,
        0.4003052900709111,
        0.49980324055151315,
        0.6454937249479371,
        0.833652356205383,
        1.0766584154872947,
        1.3904996910321379
      ]
    }
  ],
  "Flagb": [
    0,
    0,
    -1
  ],
  "waypoint_positions": [
    [
      80.0,
      250.0
    ],
    [
      110.96868686868685,
      251.31399999999982
    ],
    [
      189.66565656565655,
      448.6860000000004
    ]
  ],
  "total_time": 47.05635347747633,
  "metadata": {
    "robot_id": 0,
    "total_waypoints": 3,
    "total_segments": 2,
    "start_waypoint_idx": 0,
    "end_waypoint_idx": 2,
    "save_timestamp": "2025-06-11T14:05:00",
    "case": "simple_maze",
    "N": 3,
    "replanned": true,
    "replan_timestamp": "2025-06-16T14:30:19",
    "original_total_time": 54.85132950025058,
    "replanned_total_time": 47.05635347747633,
    "detailed_optimization": true
  }
}