{
  "robot_id": 1,
  "path_segments": [
    {
      "segment_idx": 2,
      "waypoint_idx": 2,
      "position": [
        1.8966565656565655,
        4.486860000000004
      ],
      "next_position": [
        3.103343434343434,
        4.486860000000004
      ],
      "orientation": 1.2953355605194106,
      "radius": -2.203018720113881,
      "arc_angle": 0.5091766037463054,
      "line_length": 0.09999999900004371,
      "time_segments": {
        "arc": [
          1.7599578821842219,
          1.7599148938633506,
          1.7598738040875923,
          1.7598346120913577,
          1.7597973171449084,
          1.7597619185541598,
          1.759728415660572,
          1.759696807841064,
          1.7596670945079476,
          1.7596392751088719,
          1.7596133491267865,
          1.759589316079913,
          1.7595671755217266,
          1.7595469270409418,
          1.7595285702615042,
          1.75951210484258,
          1.7594975304785485,
          1.7594848468989883,
          1.7594740538686642,
          1.7594651511875121,
          1.759458138690622,
          1.7594530162482156,
          1.759449783765631,
          1.7594484411833,
          1.759448988476734,
          1.7594514256565101,
          1.7594557527682608,
          1.759461969892667
        ],
        "line": [
          2.1959569220310753,
          2.1959803997196534
        ]
      }
    }
  ],
  "start_node": 2,
  "end_node": 3,
  "start_position": [
    1.8966565656565655,
    4.486860000000004
  ],
  "end_position": [
    3.103343434343434,
    4.486860000000004
  ],
  "start_orientation": -0.275460766275486
}