{
  "robot_id": 2,
  "waypoints": [
    3,
    5,
    7
  ],
  "phi": [
    0.23371583747081937,
    -1.262529729302326,
    -1.8170092946056018
  ],
  "r0": [
    -18.201234839005608,
    1.6220625175990313
  ],
  "l": [
    0.09999999900534683,
    0.09999999902156925
  ],
  "phi_new": [
    -1.337080489324077,
    -1.262529729302326
  ],
  "time_segments": [
    {
      "arc": [
        1.4005099956379818,
        0.5801377140427719,
        0.4453068104261471,
        0.3819645369967554,
        0.3517971990951853,
        0.33591609597747957,
        0.32852221407388527,
        0.32702847453515976,
        0.3269841483156947,
        0.3269821046703308,
        0.3269821392774905,
        0.3269821379370242,
        0.32698213571398316,
        0.32698213513372226,
        0.32698213500735107,
        0.32698213498137474,
        0.32698213497666,
        0.32698213497595824,
        0.3269821349757899,
        0.3269821349756231,
        0.32698213497542766,
        0.326982134975194,
        0.3269821349749498,
        0.3269821349750446,
        0.32698213497555284,
        0.32698213497545897,
        0.32698213497529094,
        0.32698213497518275,
        0.3269821349751225,
        0.326982134975087,
        0.3269821349750629,
        0.32698213497504475,
        0.32698213497503015,
        0.3269821349750184,
        0.32698213497500894,
        0.32698213497500156,
        0.3269821349749962,
        0.3269821349749925,
        0.3269821349749907,
        0.3269821349749906,
        0.3269821349749925,
        0.32698213497499656,
        0.326982134975003,
        0.32698213497501233,
        0.32698213497502493,
        0.32698213497504125,
        0.3269821349750616,
        0.32698213497508594,
        0.3269821349751141,
        0.32698213497514605,
        0.32698213497518425,
        0.3269821349752395,
        0.3269821349753438,
        0.3269821349755765,
        0.3269821349761031,
        0.32698213497720824,
        0.3269821349792209,
        0.32698213498193657,
        0.3269821349820109,
        0.32698213496260864,
        0.32698213485671335,
        0.3269821344354069,
        0.32698213281841776,
        0.3269821225511618,
        0.3269820271239495,
        0.3269798283156581,
        0.32686110514176653
      ],
      "line": [
        0.4033573054108628,
        0.40324301585951955,
        0.40316719500220616,
        0.40312940347652987
      ]
    },
    {
      "arc": [
        0.3809374809886739,
        0.3810579165095776,
        0.3812992467666075,
        0.38166239521408507,
        0.3821487597036134,
        0.38276022800142084,
        0.3834991990123754,
        0.38436861019374197,
        0.3853719717956737,
        0.3865134087442079,
        0.3877977111942082,
        0.3892303950343167,
        0.3908177739364303,
        0.39256704492510913,
        0.3944863899194587,
        0.3965850963001746,
        0.3988737003160727,
        0.40136415811942466,
        0.40407005047843436,
        0.40700682885548833,
        0.41019211269661066,
        0.41364605064106025,
        0.4173917622008685,
        0.42145588166839604,
        0.4258692331554752,
        0.43066767559499075,
        0.43589317051655074,
        0.4415951453901273,
        0.4478322543546873,
        0.45467468105307185,
        0.4622071929610436,
        0.470533256180439,
        0.4797806767215423,
        0.4901094887124084,
        0.5017232347189569,
        0.5148855172474313,
        0.5299450195458801,
        0.5473746757967368,
        0.5678356001745112,
        0.5922868289439961,
        0.6221858851545449,
        0.6598858768247581,
        0.7095100525916265,
        0.7791902728308114
      ],
      "line": [
        1.0088982010871297,
        1.1052939480114934,
        1.2641806698932003,
        1.5529155867655924
      ]
    }
  ],
  "Flagb": [
    -1,
    0,
    0
  ],
  "waypoint_positions": [
    [
      310.3343434343434,
      448.6860000000004
    ],
    [
      349.68282828282827,
      308.4480000000002
    ],
    [
      350.0,
      210.0
    ]
  ],
  "total_time": 50.00628277317495,
  "metadata": {
    "robot_id": 2,
    "total_waypoints": 3,
    "total_segments": 2,
    "start_waypoint_idx": 3,
    "end_waypoint_idx": 5,
    "save_timestamp": "2025-06-11T14:05:00",
    "case": "simple_maze",
    "N": 3,
    "replanned": true,
    "replan_timestamp": "2025-07-07T12:11:51",
    "original_total_time": 54.81656976224734,
    "replanned_total_time": 50.00628277317495,
    "detailed_optimization": true
  }
}