{
  "robot_id": 0,
  "waypoints": [
    6,
    1,
    2
  ],
  "phi": [
    0.3141592653589793,
    -0.007146590152318619,
    1.2953355605194106
  ],
  "r0": [
    0.2999999970005229,
    -0.29999999700004887
  ],
  "l": [
    0.21484329893033038,
    1.8240931265900684
  ],
  "phi_new": [
    0.3141592653589793,
    -0.007146590152318619
  ],
  "time_segments": [
    {
      "arc": [
        1.693161084978374,
        1.042711603270065,
        0.9176659867196394,
        0.8737277823608375
      ],
      "line": [
        0.3453875742500878,
        0.3453875742500878,
        0.3453875742500878,
        0.3453875742500878,
        0.3453875742500878,
        0.3453875742500878,
        0.3453875742500878,
        0.3453875742500878,
        0.3453875742500878,
        0.3453875742500878
      ]
    },
    {
      "arc": [
        0.40776020254413203,
        0.40776020254413203,
        0.40776020254413203,
        0.40776020254413203,
        0.40776020254413203,
        0.40776020254413203,
        0.40776020254413203,
        0.40776020254413203,
        0.40776020254413203,
        0.40776020254413203,
        0.40776020254413203,
        0.40776020254413203,
        0.40776020254413203,
        0.40776020254413203,
        0.40776020254413203,
        0.40776020254413203,
        0.40776020254413203,
        0.40776020254413203,
        0.40776020254413203
      ],
      "line": [
        0.3222482099168403,
        0.3222482099168403,
        0.3222482099168403,
        0.3222482099168403,
        0.3222482099168403,
        0.3222482099168403,
        0.3222482099168403,
        0.3222482099168403,
        0.3222482099168403,
        0.3222482099168403,
        0.3222482099168403,
        0.3222482099168403,
        0.3222482099168403,
        0.3222482099168403,
        0.3222482099168403,
        0.3222482099168403,
        0.3222482099168403,
        0.3222482099168403,
        0.3222482099168403,
        0.3222482099168403,
        0.3222482099168403,
        0.3222482099168403,
        0.3222482099168403,
        0.3222482099168403,
        0.3222482099168403,
        0.3222482099168403,
        0.3222482099168403,
        0.3222482099168403,
        0.3222482099168403,
        0.3222482099168403,
        0.3222482099168403,
        0.3222482099168403,
        0.3222482099168403,
        0.3222482099168403,
        0.3222482099168403,
        0.3222482099168403,
        0.3222482099168403,
        0.3222482099168403,
        0.3222482099168403,
        0.3222482099168403,
        0.3222482099168403,
        0.3222482099168403,
        0.3222482099168403,
        0.3222482099168403,
        0.3222482099168403,
        0.3222482099168403,
        0.3222482099168403,
        0.3222482099168403,
        0.3222482099168403,
        0.3222482099168403,
        0.3222482099168403,
        0.3222482099168403,
        0.3222482099168403,
        0.3222482099168403,
        0.3222482099168403,
        0.3222482099168403,
        0.3222482099168403,
        0.3222482099168403,
        0.3222482099168403,
        0.3222482099168403,
        0.3222482099168403,
        0.3222482099168403,
        0.3222482099168403,
        0.3222482099168403,
        0.3222482099168403,
        0.3222482099168403,
        0.3222482099168403,
        0.3222482099168403,
        0.3222482099168403,
        0.3222482099168403,
        0.3222482099168403,
        0.3222482099168403,
        0.3222482099168403,
        0.3222482099168403,
        0.3222482099168403,
        0.3222482099168403,
        0.3222482099168403,
        0.3222482099168403,
        0.3222482099168403,
        0.3222482099168403,
        0.3222482099168403,
        0.3222482099168403,
        0.3222482099168403,
        0.3222482099168403,
        0.3222482099168403,
        0.3222482099168403,
        0.3222482099168403,
        0.3222482099168403,
        0.3222482099168403,
        0.3222482099168403,
        0.3222482099168403
      ]
    }
  ],
  "Flagb": [
    0,
    0,
    -1
  ],
  "waypoint_positions": [
    [
      80.0,
      250.0
    ],
    [
      110.96868686868685,
      251.31399999999982
    ],
    [
      189.66565656565655,
      448.6860000000004
    ]
  ],
  "total_time": 45.05317315060073,
  "metadata": {
    "robot_id": 0,
    "total_waypoints": 3,
    "total_segments": 2,
    "start_waypoint_idx": 0,
    "end_waypoint_idx": 2,
    "save_timestamp": "2025-06-12T13:26:14",
    "case": "simple_maze",
    "N": 3,
    "replanned": true,
    "replan_timestamp": "2025-06-12T13:26:14",
    "original_total_time": 45.05317315060073,
    "replanned_total_time": 45.05317315060073,
    "detailed_optimization": true
  }
}