{
  "robot_id": 0,
  "waypoints": [
    6,
    1,
    2
  ],
  "phi": [
    0.3141592653589793,
    -0.007146590152318619,
    1.2953355605194106
  ],
  "r0": [
    0.2999999970005229,
    -0.29999999700004887
  ],
  "l": [
    0.21484329893033038,
    1.8240931265900684
  ],
  "phi_new": [
    0.3141592653589793,
    -0.007146590152318619
  ],
  "time_segments": [
    {
      "arc": [
        0.4984434128613349,
        0.4984434128614724,
        0.49844341286170263,
        0.49844341286187555
      ],
      "line": [
        0.36595598125582307,
        0.36595598125582307,
        0.36595598125582307,
        0.36595598125582307,
        0.36595598125582307,
        0.36595598125582307,
        0.36595598125582307,
        0.36595598125582307,
        0.36595598125582307,
        0.36595598125582307
      ]
    },
    {
      "arc": [
        0.428998075741229,
        0.428998075741229,
        0.428998075741229,
        0.428998075741229,
        0.428998075741229,
        0.428998075741229,
        0.428998075741229,
        0.428998075741229,
        0.428998075741229,
        0.428998075741229,
        0.428998075741229,
        0.428998075741229,
        0.428998075741229,
        0.428998075741229,
        0.428998075741229,
        0.428998075741229,
        0.428998075741229,
        0.428998075741229,
        0.428998075741229
      ],
      "line": [
        0.3428099247955056,
        0.3428099247955056,
        0.3428099247955056,
        0.3428099247955056,
        0.3428099247955056,
        0.3428099247955056,
        0.3428099247955056,
        0.3428099247955056,
        0.3428099247955056,
        0.3428099247955056,
        0.3428099247955056,
        0.3428099247955056,
        0.3428099247955056,
        0.3428099247955056,
        0.3428099247955056,
        0.3428099247955056,
        0.3428099247955056,
        0.3428099247955056,
        0.3428099247955056,
        0.3428099247955056,
        0.3428099247955056,
        0.3428099247955056,
        0.3428099247955056,
        0.3428099247955056,
        0.3428099247955056,
        0.3428099247955056,
        0.3428099247955056,
        0.3428099247955056,
        0.3428099247955056,
        0.3428099247955056,
        0.3428099247955056,
        0.3428099247955056,
        0.3428099247955056,
        0.3428099247955056,
        0.3428099247955056,
        0.3428099247955056,
        0.3428099247955056,
        0.3428099247955056,
        0.3428099247955056,
        0.3428099247955056,
        0.3428099247955056,
        0.3428099247955056,
        0.3428099247955056,
        0.3428099247955056,
        0.3428099247955056,
        0.3428099247955056,
        0.3428099247955056,
        0.3428099247955056,
        0.3428099247955056,
        0.3428099247955056,
        0.3428099247955056,
        0.3428099247955056,
        0.3428099247955056,
        0.3428099247955056,
        0.3428099247955056,
        0.3428099247955056,
        0.3428099247955056,
        0.3428099247955056,
        0.3428099247955056,
        0.3428099247955056,
        0.3428099247955056,
        0.3428099247955056,
        0.3428099247955056,
        0.3428099247955056,
        0.3428099247955056,
        0.3428099247955056,
        0.3428099247955056,
        0.3428099247955056,
        0.3428099247955056,
        0.3428099247955056,
        0.3428099247955056,
        0.3428099247955056,
        0.3428099247955056,
        0.3428099247955056,
        0.3428099247955056,
        0.3428099247955056,
        0.3428099247955056,
        0.3428099247955056,
        0.3428099247955056,
        0.3428099247955056,
        0.3428099247955056,
        0.3428099247955056,
        0.3428099247955056,
        0.3428099247955056,
        0.3428099247955056,
        0.3428099247955056,
        0.3428099247955056,
        0.3428099247955056,
        0.3428099247955056,
        0.3428099247955056,
        0.3428099247955056
      ]
    }
  ],
  "Flagb": [
    0,
    0,
    -1
  ],
  "waypoint_positions": [
    [
      80.0,
      250.0
    ],
    [
      110.96868686868685,
      251.31399999999982
    ],
    [
      189.66565656565655,
      448.6860000000004
    ]
  ],
  "total_time": 45.000000059479014,
  "metadata": {
    "robot_id": 0,
    "total_waypoints": 3,
    "total_segments": 2,
    "start_waypoint_idx": 0,
    "end_waypoint_idx": 2,
    "save_timestamp": "2025-06-12T13:11:35",
    "case": "simple_maze",
    "N": 3,
    "replanned": true,
    "replan_timestamp": "2025-06-14T12:47:39",
    "original_total_time": 45.05317315060073,
    "replanned_total_time": 45.000000059479014,
    "detailed_optimization": true
  }
}