{
  "robot_id": 1,
  "waypoints": [
    2,
    3
  ],
  "phi": [
    1.2953355605194106,
    0.23371583747081937
  ],
  "r0": [
    -2.203018720113881
  ],
  "l": [
    0.09999999900004371
  ],
  "phi_new": [
    -0.275460766275486
  ],
  "time_segments": [
    {
      "arc": [
        1.412194012114589,
        1.1830729719987874,
        1.0561907054690982,
        0.9722891667601578,
        0.9115301817835085,
        0.8650019998682832,
        0.8280000911070319,
        0.7977667730874136,
        0.7725611721776704,
        0.7512217054794589,
        0.7329392682319084,
        0.7171306194853523,
        0.7033634442393237,
        0.6913098448114635,
        0.6807163190125763,
        0.6713837292245985,
        0.6631535560720104,
        0.6558982344230682,
        0.6495142166816739,
        0.6439169039815079,
        0.6390368856292491,
        0.6348171137959914,
        0.6312107597842881,
        0.6281795763335811,
        0.625692642741703,
        0.6237254053661596,
        0.6222589510847037,
        0.6212794691970112,
        0.6207778704184582,
        0.6207495416470287,
        0.6211942231816644,
        0.622116001843176,
        0.6235234196333294,
        0.6254297037197644,
        0.6278531302054147,
        0.6308175419532829,
        0.6343530504725992,
        0.6384969645928548,
        0.6432950058803686,
        0.6488028947529376,
        0.6550884254902659,
        0.6622341982677563,
        0.6703412507208361,
        0.6795339448279862,
        0.6899666415657516,
        0.7018329785510348,
        0.715379031740512,
        0.7309224352094552,
        0.7488809339538588,
        0.7698164284500647,
        0.7945055811167503,
        0.8240583739983551,
        0.8601288524700302,
        0.9053176255044207,
        0.964016110903708,
        1.0444201971217943
      ],
      "line": [
        1.3377649113081433,
        1.3907937221807496,
        1.4598359300214172,
        1.5530839771762617
      ]
    }
  ],
  "Flagb": [
    -1,
    -1
  ],
  "waypoint_positions": [
    [
      189.66565656565655,
      448.6860000000004
    ],
    [
      310.3343434343434,
      448.6860000000004
    ]
  ],
  "total_time": 47.100686618822195,
  "metadata": {
    "robot_id": 1,
    "total_waypoints": 2,
    "total_segments": 1,
    "start_waypoint_idx": 2,
    "end_waypoint_idx": 3,
    "save_timestamp": "2025-06-11T14:05:00",
    "case": "simple_maze",
    "N": 3,
    "replanned": true,
    "replan_timestamp": "2025-06-25T14:44:10",
    "original_total_time": 54.815230047906866,
    "replanned_total_time": 47.100686618822195,
    "detailed_optimization": true
  }
}