{
  "robot_id": 2,
  "waypoints": [
    3,
    5,
    7
  ],
  "phi": [
    0.23371583747081937,
    -1.262529729302326,
    -1.8170092946056018
  ],
  "r0": [
    -18.201234839005608,
    1.6220625175990313
  ],
  "l": [
    0.09999999900534683,
    0.09999999902156925
  ],
  "phi_new": [
    -1.337080489324077,
    -1.262529729302326
  ],
  "time_segments": [
    {
      "arc": [
        1.400363157479143,
        0.5800468641732879,
        0.47915053833476323,
        0.42846447348317085,
        0.39700475184709344,
        0.3755278797491149,
        0.36012052186328347,
        0.348803871720494,
        0.34046494922622333,
        0.33443609928314,
        0.3303045133723914,
        0.32781781020738704,
        0.3268352154354021,
        0.326835210025036,
        0.3268352100248938,
        0.32683521002487614,
        0.32683521002487603,
        0.32683521002487603,
        0.3268352100248761,
        0.32683521002487603,
        0.3268352100248761,
        0.32683521002487603,
        0.32683521002487603,
        0.3268352100248761,
        0.32683521002487603,
        0.32683521002487603,
        0.32683521002487603,
        0.32683521002487603,
        0.32683521002487603,
        0.32683521002487603,
        0.32683521002487603,
        0.32683521002487603,
        0.32683521002487603,
        0.32683521002487603,
        0.32683521002487603,
        0.32683521002487603,
        0.32683521002487603,
        0.32683521002487603,
        0.32683521002487603,
        0.32683521002487603,
        0.32683521002487603,
        0.32683521002487603,
        0.32683521002487603,
        0.32683521002487603,
        0.32683521002487603,
        0.32683521002487603,
        0.32683521002487603,
        0.32683521002487603,
        0.32683521002487603,
        0.32683521002487603,
        0.32683521002487603,
        0.32683521002487603,
        0.32683521002487603,
        0.32683521002487603,
        0.32683521002487603,
        0.32683521002487603,
        0.32683521002487603,
        0.32683521002487603,
        0.32683521002487603,
        0.32683521002487603,
        0.32683521002487603,
        0.32683521002487603,
        0.3268352100248761,
        0.32683521002487603,
        0.3268352100248733,
        0.326835210024888,
        0.3268352089657735
      ],
      "line": [
        0.40190635936017605,
        0.4019063656122562,
        0.40451701731725825,
        0.41070283376091143
      ]
    },
    {
      "arc": [
        0.34279469612930064,
        0.34279469807694496,
        0.3427946980769324,
        0.3427946980769354,
        0.3427946980769354,
        0.34279469807693536,
        0.3427946980769354,
        0.3427946980769354,
        0.3427946980769354,
        0.3427946980769354,
        0.3427946980769354,
        0.3427946980769354,
        0.3427946980769354,
        0.3427946980769354,
        0.3427946980769354,
        0.3427946980769354,
        0.3427946980769354,
        0.3427946980769354,
        0.3427946980769354,
        0.3427946980769354,
        0.3427946980769354,
        0.3427946980769354,
        0.3427946980769354,
        0.3427946980769354,
        0.3427946980769354,
        0.3427946980769354,
        0.3427946980769354,
        0.3427946980769354,
        0.34279469807693536,
        0.3427946980769354,
        0.3427946980769354,
        0.3427946980769354,
        0.34279469807694024,
        0.3427946980769234,
        0.34279470122900046,
        0.34383861737165133,
        0.346849971258937,
        0.35204287182747696,
        0.3598214268974333,
        0.37088125288317036,
        0.38642403435033285,
        0.40864640653602835,
        0.44202676675030383,
        0.4976407141283944
      ],
      "line": [
        0.8373185995043478,
        1.0287421223662996,
        1.2639279190301547,
        1.5528806979548393
      ]
    }
  ],
  "Flagb": [
    -1,
    0,
    0
  ],
  "waypoint_positions": [
    [
      310.3343434343434,
      448.6860000000004
    ],
    [
      349.68282828282827,
      308.4480000000002
    ],
    [
      350.0,
      210.0
    ]
  ],
  "total_time": 45.486330397266414,
  "metadata": {
    "robot_id": 2,
    "total_waypoints": 3,
    "total_segments": 2,
    "start_waypoint_idx": 3,
    "end_waypoint_idx": 5,
    "save_timestamp": "2025-06-10T13:24:50",
    "case": "simple_maze",
    "N": 3,
    "replanned": true,
    "replan_timestamp": "2025-06-12T09:04:05",
    "original_total_time": 54.89400619312119,
    "replanned_total_time": 45.486330397266414,
    "detailed_optimization": true
  }
}