{
  "robot_id": 0,
  "waypoints": [
    6,
    1,
    2
  ],
  "phi": [
    0.3141592653589793,
    -0.007146590152318619,
    1.2953355605194106
  ],
  "r0": [
    0.2999999970005229,
    -0.29999999700004887
  ],
  "l": [
    0.21484329893033038,
    1.8240931265900684
  ],
  "phi_new": [
    0.3141592653589793,
    -0.007146590152318619
  ],
  "time_segments": [
    {
      "arc": [
        1.197249133649998,
        1.1115817530317622,
        1.0564440051712574,
        1.0198756723175524
      ],
      "line": [
        0.7394644673757584,
        0.6662494759401414,
        0.6201503650387009,
        0.588553776811604,
        0.5659523322799812,
        0.5495161775996178,
        0.5376436681628869,
        0.5293781251026553,
        0.5241406700817725,
        0.5215983045577565
      ]
    },
    {
      "arc": [
        0.3058360951830432,
        0.3058360954344548,
        0.30583609562914543,
        0.3058360951625677,
        0.3058360931962485,
        0.3058360888472437,
        0.3058360816041936,
        0.305836072048081,
        0.30583606283309367,
        0.3058360595842753,
        0.3058360708211552,
        0.3058361051631054,
        0.305836162813266,
        0.305836216262076,
        0.30583617089207915,
        0.3058357849536793,
        0.30583449219649256,
        0.30583091807399226,
        0.3058208016781192
      ],
      "line": [
        0.29555284882710187,
        0.293244739494685,
        0.2910793644158226,
        0.2890469600753443,
        0.28713880680256804,
        0.2853470957285912,
        0.28366481634851337,
        0.28208566104196015,
        0.2806039436337121,
        0.27921452964409454,
        0.2779127763246803,
        0.27669448092740506,
        0.2755558359357541,
        0.2744933902113509,
        0.27350401519025175,
        0.27258487540987564,
        0.27173340276693075,
        0.2709472740045231,
        0.2702243910071641,
        0.2695628635490478,
        0.2689609941964163,
        0.26841726511121555,
        0.26793032654225063,
        0.267498986823055,
        0.2671222037237935,
        0.2667990770286141,
        0.2665288422306957,
        0.266310865255406,
        0.26614463813799194,
        0.26602977559650703,
        0.2659660124535913,
        0.2659532018725826,
        0.26599131438452644,
        0.2660804376932254,
        0.2662207772557554,
        0.26641265764611244,
        0.26665652472005064,
        0.26695294860997315,
        0.26730262759017837,
        0.26770639286510894,
        0.2681652143468031,
        0.26868020750283633,
        0.2692526413730663,
        0.26988394787291536,
        0.27057573252329314,
        0.27132978677325265,
        0.2721481021118833,
        0.273032886201783,
        0.2739865813089315,
        0.275011885354437,
        0.27611177597434566,
        0.2772895380468778,
        0.2785487952350957,
        0.2798935462009594,
        0.2813282062788827,
        0.28285765555957154,
        0.2844872945362858,
        0.2862231087163618,
        0.2880717439148517,
        0.29004059434299095,
        0.29213790610656687,
        0.29437289937129485,
        0.2967559132790205,
        0.29929857877152294,
        0.3020140258830545,
        0.3049171339174585,
        0.30802483539883097,
        0.31135648801657045,
        0.3149343333244319,
        0.31878406721021746,
        0.322935555890431,
        0.3274237435579323,
        0.33228981560226617,
        0.33758270733345314,
        0.34336108686889205,
        0.3496959996813708,
        0.356674453715044,
        0.3644043695688288,
        0.3730215587230611,
        0.3826997959741031,
        0.39366575901532563,
        0.4062218998479048,
        0.42078279151640036,
        0.4379355334011145,
        0.4585457852362697,
        0.48395710974100403,
        0.5164005641104406,
        0.5599441854553611,
        0.6231168344500131,
        0.7286013851015847,
        0.9832359720928131
      ]
    }
  ],
  "Flagb": [
    0,
    0,
    -1
  ],
  "waypoint_positions": [
    [
      80.0,
      250.0
    ],
    [
      110.96868686868685,
      251.31399999999982
    ],
    [
      189.66565656565655,
      448.6860000000004
    ]
  ],
  "total_time": 45.057851762912186,
  "metadata": {
    "robot_id": 0,
    "total_waypoints": 3,
    "total_segments": 2,
    "start_waypoint_idx": 0,
    "end_waypoint_idx": 2,
    "save_timestamp": "2025-06-11T14:05:00",
    "case": "simple_maze",
    "N": 3,
    "replanned": true,
    "replan_timestamp": "2025-07-11T14:01:27",
    "original_total_time": 54.85132950025058,
    "replanned_total_time": 45.057851762912186,
    "detailed_optimization": true
  }
}