{
  "robot_id": 2,
  "path_segments": [
    {
      "segment_idx": 3,
      "waypoint_idx": 3,
      "position": [
        3.103343434343434,
        4.486860000000004
      ],
      "next_position": [
        3.496828282828283,
        3.084480000000002
      ],
      "orientation": 0.23371583747081937,
      "radius": -18.201234839005608,
      "arc_angle": 0.07455076002175098,
      "line_length": 0.09999999900534683,
      "time_segments": {
        "arc": [
          1.6292109581688836,
          1.3254117072108644,
          1.1741006161609884,
          1.0792190281229097,
          1.0130791399650212,
          0.9640887372257969,
          0.9263899962206057,
          0.8966559211789316,
          0.8728399572412304,
          0.8536091006514144,
          0.8380582064541413,
          0.8255542052025325,
          0.8156458668117954,
          0.8080090150899906,
          0.8024119353746542,
          0.7986921964939196,
          0.7967337120973379,
          0.7963261251430647,
          0.7963177907051142,
          0.7963176283443452,
          0.7963176263484427,
          0.7963176270500834,
          0.7963176274264039,
          0.796317627519073,
          0.7963176274970653,
          0.7963176272257165,
          0.7963176264701105,
          0.7963176275933073,
          0.7963177015536095,
          0.7963219455315612,
          0.7964619466709778,
          0.7979230957704423,
          0.8011103336359079
        ],
        "line": [
          0.9816731719118148,
          0.9951905291324105
        ]
      }
    },
    {
      "segment_idx": 4,
      "waypoint_idx": 5,
      "position": [
        3.496828282828283,
        3.084480000000002
      ],
      "next_position": [
        3.5,
        2.1
      ],
      "orientation": -1.262529729302326,
      "radius": 1.6220625175990313,
      "arc_angle": -0.5544795653032757,
      "line_length": 0.09999999902156925,
      "time_segments": {
        "arc": [
          0.8227121251714685,
          0.8227358989229868,
          0.8227358938453927,
          0.8227359041622665,
          0.8227359045535391,
          0.8227359042390687,
          0.8227359049514523,
          0.8227359771354129,
          0.8227417428389785,
          0.8230094436255851,
          0.8250800095331289,
          0.8293145113218378,
          0.8358704726688289,
          0.8449753746336731,
          0.8569631860258192,
          0.8723145494242189,
          0.8917204151234865,
          0.9161888677437775,
          0.9472336644230032,
          0.9872290863513552,
          1.040137559481059,
          1.1131877218169768
        ],
        "line": [
          1.535841039475461,
          1.7931184293358775
        ]
      }
    }
  ],
  "start_node": 3,
  "end_node": 7,
  "start_position": [
    3.103343434343434,
    4.486860000000004
  ],
  "end_position": [
    3.5,
    2.1
  ],
  "start_orientation": -1.337080489324077
}