{
  "robot_id": 0,
  "waypoints": [
    6,
    1,
    2
  ],
  "phi": [
    0.3141592653589793,
    -0.007146590152318619,
    1.2953355605194106
  ],
  "r0": [
    0.2999999970005229,
    -0.29999999700004887
  ],
  "l": [
    0.21484329893033038,
    1.8240931265900684
  ],
  "phi_new": [
    0.3141592653589793,
    -0.007146590152318619
  ],
  "time_segments": [
    {
      "arc": [
        1.6931614371468762,
        0.7506771248329224,
        0.6522581982480018,
        0.6069061755823678
      ],
      "line": [
        0.42614113860959885,
        0.3782331305495786,
        0.35569334928770513,
        0.34596040058068417,
        0.345387969225485,
        0.3453879417011866,
        0.34538794169994447,
        0.34538794169994436,
        0.34538794169994436,
        0.34538794169994436
      ]
    },
    {
      "arc": [
        0.40776056999418775,
        0.40776056999418775,
        0.40776056999418775,
        0.40776056999418775,
        0.40776056999418775,
        0.40776056999418775,
        0.40776056999418775,
        0.40776056999418775,
        0.40776056999418775,
        0.40776056999418775,
        0.40776056999418775,
        0.4077605699941878,
        0.40776056999418775,
        0.40776056999418775,
        0.40776056999418775,
        0.4077605699941878,
        0.407760569994178,
        0.40776056994995324,
        0.4077603087798271
      ],
      "line": [
        0.3553985185852614,
        0.3348575171887542,
        0.3248613040533067,
        0.32224882999197824,
        0.32224857738175344,
        0.32224857736673157,
        0.32224857736673046,
        0.32224857736673046,
        0.3222485773667305,
        0.3222485773667305,
        0.32224857736673046,
        0.32224857736673046,
        0.3222485773667305,
        0.32224857736673046,
        0.32224857736673046,
        0.32224857736673046,
        0.3222485773667305,
        0.32224857736673046,
        0.3222485773667305,
        0.32224857736673046,
        0.32224857736673046,
        0.32224857736673046,
        0.3222485773667305,
        0.32224857736673046,
        0.32224857736673046,
        0.32224857736673046,
        0.32224857736673046,
        0.32224857736673046,
        0.32224857736673046,
        0.3222485773667305,
        0.3222485773667305,
        0.32224857736673046,
        0.32224857736673046,
        0.32224857736673046,
        0.32224857736673046,
        0.32224857736673046,
        0.32224857736673046,
        0.32224857736673046,
        0.32224857736673046,
        0.32224857736673046,
        0.32224857736673046,
        0.32224857736673046,
        0.32224857736673046,
        0.32224857736673046,
        0.32224857736673046,
        0.32224857736673046,
        0.32224857736673046,
        0.32224857736673046,
        0.32224857736673046,
        0.32224857736673046,
        0.32224857736673046,
        0.32224857736673046,
        0.32224857736673046,
        0.32224857736673046,
        0.32224857736673046,
        0.32224857736673046,
        0.32224857736673046,
        0.32224857736673046,
        0.32224857736673046,
        0.32224857736673046,
        0.3222485773667305,
        0.3222485773667305,
        0.32224857736673046,
        0.32224857736673046,
        0.32224857736673046,
        0.32224857736673046,
        0.32224857736673046,
        0.3222485773667305,
        0.32224857736673046,
        0.32224857736673046,
        0.3222485773667305,
        0.32224857736673046,
        0.3222485773667305,
        0.32224857736673046,
        0.32224857736673046,
        0.3222485773667305,
        0.3222485773667305,
        0.3222485773667305,
        0.3222485773667305,
        0.3222485773667316,
        0.32224857738192875,
        0.3222488329382934,
        0.32487996266718366,
        0.3348997560733534,
        0.3554791252843969,
        0.39621010226340975,
        0.49980381069590046,
        0.6454941221062284,
        0.8336526531401882,
        1.076658622589608,
        1.3904998022837072
      ]
    }
  ],
  "Flagb": [
    0,
    0,
    -1
  ],
  "waypoint_positions": [
    [
      80.0,
      250.0
    ],
    [
      110.96868686868685,
      251.31399999999982
    ],
    [
      189.66565656565655,
      448.6860000000004
    ]
  ],
  "total_time": 47.35914261832514,
  "metadata": {
    "robot_id": 0,
    "total_waypoints": 3,
    "total_segments": 2,
    "start_waypoint_idx": 0,
    "end_waypoint_idx": 2,
    "save_timestamp": "2025-06-11T14:05:00",
    "case": "simple_maze",
    "N": 3,
    "replanned": true,
    "replan_timestamp": "2025-06-25T14:47:42",
    "original_total_time": 54.85132950025058,
    "replanned_total_time": 47.35914261832514,
    "detailed_optimization": true
  }
}