{
  "robot_id": 2,
  "waypoints": [
    3,
    5,
    7
  ],
  "phi": [
    0.23371583747081937,
    -1.262529729302326,
    -1.8170092946056018
  ],
  "r0": [
    -18.201234839005608,
    1.6220625175990313
  ],
  "l": [
    0.09999999900534683,
    0.09999999902156925
  ],
  "phi_new": [
    -1.337080489324077,
    -1.262529729302326
  ],
  "time_segments": [
    {
      "arc": [
        1.4003664585518767,
        0.8337269020261785,
        0.6969430724943204,
        0.6224037830740342,
        0.5736011621692909,
        0.5385505285234796,
        0.5119230870749065,
        0.49092431039485707,
        0.47392418202015496,
        0.4598980370129221,
        0.44816494490336733,
        0.43825265207034736,
        0.42982244791768803,
        0.4226248333747346,
        0.4164720911543569,
        0.4112206390321073,
        0.4067593045353093,
        0.4030013231565526,
        0.3998787567418479,
        0.3973385300170812,
        0.39533957057195973,
        0.39385068991189415,
        0.3928488223387011,
        0.39231609330646616,
        0.392210748812916,
        0.3922083051176321,
        0.39220826810821446,
        0.3922082676357686,
        0.3922082676361383,
        0.3922082676319734,
        0.39220826763034283,
        0.39220826762974675,
        0.39220826762948635,
        0.39220826762938166,
        0.39220826762936045,
        0.3922082676293774,
        0.3922082676294057,
        0.39220826762943267,
        0.39220826762945393,
        0.39220826762946914,
        0.39220826762947925,
        0.39220826762948563,
        0.3922082676294894,
        0.3922082676294914,
        0.39220826762949196,
        0.3922082676294912,
        0.39220826762948896,
        0.39220826762948463,
        0.39220826762947725,
        0.39220826762946553,
        0.3922082676294479,
        0.39220826762942346,
        0.39220826762939315,
        0.39220826762936306,
        0.3922082676293493,
        0.3922082676293818,
        0.3922082676295032,
        0.39220826762976657,
        0.39220826763033917,
        0.39220826763203054,
        0.39220826763569255,
        0.3922082676400995,
        0.3922082692088961,
        0.3922083695129798,
        0.39221443725312427,
        0.39246244973710215,
        0.3931643203676083
      ],
      "line": [
        0.4871459772097146,
        0.4905292781985416,
        0.49518000990218475,
        0.5012419062967596
      ]
    },
    {
      "arc": [
        0.4113544115321599,
        0.4113598377410295,
        0.4113598610241784,
        0.41135986125185237,
        0.4113598612652213,
        0.41135986129975255,
        0.411359861307611,
        0.4113598613088695,
        0.4113598613087923,
        0.41135986130856433,
        0.41135986130839686,
        0.4113598613082942,
        0.411359861308231,
        0.41135986130818614,
        0.41135986130814617,
        0.41135986130810637,
        0.4113598613080753,
        0.4113598613080819,
        0.41135986130817814,
        0.4113598613084308,
        0.41135986130904506,
        0.411359861311233,
        0.41135986131675095,
        0.41135986161878807,
        0.4113598928577359,
        0.41136231256282774,
        0.4115015754353032,
        0.4122121612057654,
        0.4135410894103656,
        0.4155156745627316,
        0.4181739321226506,
        0.4215684211443684,
        0.42576968193355885,
        0.43087088460552586,
        0.4369944805113795,
        0.4443019244583168,
        0.45300819982812596,
        0.4634041236494291,
        0.47589179544450716,
        0.4910433806947577,
        0.5097038684710463,
        0.5331830482951113,
        0.5636464396910342,
        0.6050096522049541
      ],
      "line": [
        0.8373284822827559,
        1.0287469066251185,
        1.263930936668816,
        1.5528822013009507
      ]
    }
  ],
  "Flagb": [
    -1,
    0,
    0
  ],
  "waypoint_positions": [
    [
      310.3343434343434,
      448.6860000000004
    ],
    [
      349.68282828282827,
      308.4480000000002
    ],
    [
      350.0,
      210.0
    ]
  ],
  "total_time": 54.89400619312119,
  "metadata": {
    "robot_id": 2,
    "total_waypoints": 3,
    "total_segments": 2,
    "start_waypoint_idx": 3,
    "end_waypoint_idx": 5,
    "save_timestamp": "2025-06-10T13:24:50",
    "case": "simple_maze",
    "N": 3
  }
}