{
  "robot_id": 2,
  "waypoints": [
    3,
    5,
    7
  ],
  "phi": [
    0.23371583747081937,
    -1.262529729302326,
    -1.8170092946056018
  ],
  "r0": [
    -18.201234839005608,
    1.6220625175990313
  ],
  "l": [
    0.09999999900534683,
    0.09999999902156925
  ],
  "phi_new": [
    -1.337080489324077,
    -1.262529729302326
  ],
  "time_segments": [
    {
      "arc": [
        0.990326760818293,
        0.4623645143665446,
        0.3893327535506077,
        0.34959618932474595,
        0.3237725293702831,
        0.3054309577127714,
        0.2917012549157003,
        0.28107699450965024,
        0.27268082531865323,
        0.2659634729771043,
        0.26056260502415035,
        0.25622985463092196,
        0.25279010045385525,
        0.25011713975613553,
        0.24811778712108531,
        0.24671918378105914,
        0.24585324249243504,
        0.24542829028966806,
        0.24529172143621572,
        0.24526858795518644,
        0.24526796474521032,
        0.24526898123919214,
        0.24526967345680115,
        0.24527006869145804,
        0.24527025652861473,
        0.24527032994516837,
        0.24527035369958305,
        0.24527035987763687,
        0.24527036093137075,
        0.2452703608343153,
        0.24527036061937915,
        0.2452703604740528,
        0.24527036039435957,
        0.24527036035325797,
        0.245270360332025,
        0.24527036032066485,
        0.24527036031429414,
        0.24527036031057778,
        0.24527036030837607,
        0.2452703603071024,
        0.24527036030643057,
        0.24527036030616017,
        0.24527036030615132,
        0.24527036030628802,
        0.24527036030645014,
        0.24527036030648464,
        0.24527036030616953,
        0.24527036030516977,
        0.24527036030299457,
        0.2452703602990019,
        0.24527036029258423,
        0.2452703602839041,
        0.2452703602761412,
        0.24527036028180574,
        0.24527036034024846,
        0.24527036056756543,
        0.24527036130442778,
        0.2452703635638364,
        0.24527037036998517,
        0.2452703905329934,
        0.24527044801466316,
        0.24527059899320725,
        0.24527093093881092,
        0.24527133667955103,
        0.24526991724380637,
        0.24525414459969447,
        0.2451484192194956
      ],
      "line": [
        0.30260424061349933,
        0.30259406161769703,
        0.3025872791445735,
        0.30258388897102567
      ]
    },
    {
      "arc": [
        0.42816136302664887,
        0.4282844475077431,
        0.42853104183202967,
        0.4289020009600835,
        0.4293986180077907,
        0.43002263729458096,
        0.4307762721465874,
        0.431662227819781,
        0.4326837300222614,
        0.433844559645973,
        0.4351490944714035,
        0.4366023587908132,
        0.4382100821143834,
        0.4399787683897275,
        0.4419157774918377,
        0.4440294211450584,
        0.44632907594383425,
        0.4488253167748386,
        0.45153007474979207,
        0.4544568247898814,
        0.457620809332661,
        0.4610393063615004,
        0.46473195222585995,
        0.4687211327239136,
        0.4730324599351855,
        0.4776953577188437,
        0.4827437862133557,
        0.4882171459415025,
        0.4941614165239866,
        0.5006306054891675,
        0.507688612267032,
        0.5154116559681936,
        0.5238914807272637,
        0.533239652072976,
        0.5435934138020542,
        0.5551238253966212,
        0.5680473142943415,
        0.5826424852055534,
        0.5992752848055194,
        0.618437948702694,
        0.6408117012623538,
        0.6673726033089604,
        0.6995809973044018,
        0.7397465970013989
      ],
      "line": [
        0.9330544014743034,
        0.9748345935690599,
        1.0279076686727184,
        1.0980673210463077
      ]
    }
  ],
  "Flagb": [
    -1,
    0,
    0
  ],
  "waypoint_positions": [
    [
      310.3343434343434,
      448.6860000000004
    ],
    [
      349.68282828282827,
      308.4480000000002
    ],
    [
      350.0,
      210.0
    ]
  ],
  "total_time": 45.0031748186621,
  "metadata": {
    "robot_id": 2,
    "total_waypoints": 3,
    "total_segments": 2,
    "start_waypoint_idx": 3,
    "end_waypoint_idx": 5,
    "save_timestamp": "2025-06-11T14:05:00",
    "case": "simple_maze",
    "N": 3,
    "replanned": true,
    "replan_timestamp": "2025-07-14T11:37:27",
    "original_total_time": 54.81656976224734,
    "replanned_total_time": 45.0031748186621,
    "detailed_optimization": true
  }
}